Date,Euro/USD,,,,,,,,0.9
2005/7/27,1.199,,,,,,,,
2005/7/28,1.21,,,,,,,,
2005/7/29,1.2093,,,,,,,,
2005/8/1,1.2219,,,,,,,,
2005/8/2,1.2217,,,,,,,,
2005/8/3,1.2308,,,,,,,,
2005/8/4,1.2319,,,,,,,,
2005/8/5,1.2386,,,,,,,,
2005/8/8,1.237,,,,,,,,
2005/8/9,1.2367,,,,,,,,
2005/8/10,1.2377,,,,,,,,
2005/8/11,1.2405,,,,,,,,
2005/8/12,1.2457,,,,,,,,
2005/8/15,1.2374,,,,,,,,
2005/8/16,1.2313,,,,,,,,
2005/8/17,1.2296,,,,,,,,
2005/8/18,1.2213,,,,,,,,
2005/8/19,1.2183,,,,,,,,
2005/8/22,1.2231,,,,,,,,
2005/8/23,1.2233,,,,,,,,
2005/8/24,1.2211,,,,,,,,
2005/8/25,1.2272,,,,,,,,
2005/8/26,1.2307,,,,,,,,
2005/8/29,1.2289,,,,,,,,
2005/8/30,1.2181,,,,,,,,
2005/8/31,1.2198,,,,,,,,
2005/9/1,1.2388,,,,,,,,
2005/9/2,1.2541,,,,,,,,
2005/9/5,1.2538,,,,,,,,
2005/9/6,1.2483,,,,,,,,
2005/9/7,1.2451,,,,,,,,
2005/9/8,1.2418,,,,,,,,
2005/9/9,1.2415,,,,,,,,
2005/9/12,1.2313,,,,,,,,
2005/9/13,1.2276,,,,,,,,
2005/9/14,1.2314,,,,,,,,
2005/9/15,1.2223,,,,,,,,
2005/9/16,1.2243,,,,,,,,
2005/9/19,1.2139,,,,,,,,
2005/9/20,1.2154,,,,,,,,
2005/9/21,1.2225,,,,,,,,
2005/9/22,1.2224,,,,,,,,
2005/9/23,1.2118,,,,,,,,
2005/9/26,1.2031,,,,,,,,
2005/9/27,1.2005,,,,,,,,
2005/9/28,1.2037,,,,,,,,
2005/9/29,1.2063,,,,,,,,
2005/9/30,1.2042,,,,,,,,
2005/10/3,1.1933,,,,,,,,
2005/10/4,1.1938,,,,,,,,
2005/10/5,1.1947,,,,,,,,
2005/10/6,1.2061,,,,,,,,
2005/10/7,1.2144,,,,,,,,
2005/10/10,1.2088,,,,,,,,
2005/10/11,1.2022,,,,,,,,
2005/10/12,1.2008,,,,,,,,
2005/10/13,1.198,,,,,,,,
2005/10/14,1.1999,,,,,,,,
2005/10/17,1.2022,,,,,,,,
2005/10/18,1.1937,,,,,,,,
2005/10/19,1.195,,,,,,,,
2005/10/20,1.1953,,,,,,,,
2005/10/21,1.2012,,,,,,,,
2005/10/24,1.1944,,,,,,,,
2005/10/25,1.2017,,,,,,,,
2005/10/26,1.2059,,,,,,,,
2005/10/27,1.213,,,,,,,,
2005/10/28,1.2138,,,,,,,,
2005/10/31,1.2023,,,,,,,,
2005/11/1,1.2008,,,,,,,,
2005/11/2,1.1992,,,,,,,,
2005/11/3,1.2041,,,,,,,,
2005/11/4,1.1933,,,,,,,,
2005/11/7,1.1824,,,,,,,,
2005/11/8,1.1741,,,,,,,,
2005/11/9,1.1738,,,,,,,,
2005/11/10,1.1762,,,,,,,,
2005/11/11,1.1697,,,,,,,,
2005/11/14,1.1713,,,,,,,,
2005/11/15,1.1667,,,,,,,,
2005/11/16,1.1677,,,,,,,,
2005/11/17,1.1692,,,,,,,,
2005/11/18,1.1679,,,,,,,,
2005/11/21,1.1811,,,,,,,,
2005/11/22,1.1701,,,,,,,,
2005/11/23,1.1776,,,,,,,,
2005/11/24,1.1783,,,,,,,,
2005/11/25,1.1763,,,,,,,,
2005/11/28,1.1726,,,,,,,,
2005/11/29,1.1793,,,,,,,,
2005/11/30,1.1769,,,,,,,,
2005/12/1,1.1745,,,,,,,,
2005/12/2,1.1697,,,,,,,,
2005/12/5,1.1767,,,,,,,,
2005/12/6,1.1783,,,,,,,,
2005/12/7,1.171,,,,,,,,
2005/12/8,1.1764,,,,,,,,
2005/12/9,1.1785,,,,,,,,
2005/12/12,1.1925,,,,,,,,
2005/12/13,1.1925,,,,,,,,
2005/12/14,1.202,,,,,,,,
2005/12/15,1.1999,,,,,,,,
2005/12/16,1.1983,,,,,,,,
2005/12/19,1.1977,,,,,,,,
2005/12/20,1.1955,,,,,,,,
2005/12/21,1.1872,,,,,,,,
2005/12/22,1.1822,,,,,,,,
2005/12/23,1.1859,,,,,,,,
2005/12/27,1.1852,,,,,,,,
2005/12/28,1.1916,,,,,,,,
2005/12/29,1.1825,,,,,,,,
2005/12/30,1.1797,,,,,,,,
2006/1/2,1.1826,,,,,,,,
2006/1/3,1.1875,,,,,,,,
2006/1/4,1.2083,,,,,,,,
2006/1/5,1.2088,,,,,,,,
2006/1/6,1.2093,,,,,,,,
2006/1/9,1.2078,,,,,,,,
2006/1/10,1.2064,,,,,,,,
2006/1/11,1.2088,,,,,,,,
2006/1/12,1.2113,,,,,,,,
2006/1/13,1.2039,,,,,,,,
2006/1/16,1.2112,,,,,,,,
2006/1/17,1.2075,,,,,,,,
2006/1/18,1.2125,,,,,,,,
2006/1/19,1.2073,,,,,,,,
2006/1/20,1.2068,,,,,,,,
2006/1/23,1.2277,,,,,,,,
2006/1/24,1.2272,,,,,,,,
2006/1/25,1.2294,,,,,,,,
2006/1/26,1.2254,,,,,,,,
2006/1/27,1.2172,,,,,,,,
2006/1/30,1.2082,,,,,,,,
2006/1/31,1.2118,,,,,,,,
2006/2/1,1.2092,,,,,,,,
2006/2/2,1.2066,,,,,,,,
2006/2/3,1.2061,,,,,,,,
2006/2/6,1.1981,,,,,,,,
2006/2/7,1.1973,,,,,,,,
2006/2/8,1.1948,,,,,,,,
2006/2/9,1.1972,,,,,,,,
2006/2/10,1.197,,,,,,,,
2006/2/13,1.1888,,,,,,,,
2006/2/14,1.1898,,,,,,,,
2006/2/15,1.1904,,,,,,,,
2006/2/16,1.1858,,,,,,,,
2006/2/17,1.1863,,,,,,,,
2006/2/20,1.1932,,,,,,,,
2006/2/21,1.1906,,,,,,,,
2006/2/22,1.1875,,,,,,,,
2006/2/23,1.1957,,,,,,,,
2006/2/24,1.1896,,,,,,,,
2006/2/27,1.1852,,,,,,,,
2006/2/28,1.1875,,,,,,,,
2006/3/1,1.1954,,,,,,,,
2006/3/2,1.1921,,,,,,,,
2006/3/3,1.202,,,,,,,,
2006/3/6,1.2017,,,,,,,,
2006/3/7,1.1913,,,,,,,,
2006/3/8,1.1914,,,,,,,,
2006/3/9,1.192,,,,,,,,
2006/3/10,1.1919,,,,,,,,
2006/3/13,1.1922,,,,,,,,
2006/3/14,1.1948,,,,,,,,
2006/3/15,1.2026,,,,,,,,
2006/3/16,1.2069,,,,,,,,
2006/3/17,1.2185,,,,,,,,
2006/3/20,1.2174,,,,,,,,
2006/3/21,1.2144,,,,,,,,
2006/3/22,1.2069,,,,,,,,
2006/3/23,1.2055,,,,,,,,
2006/3/24,1.1969,,,,,,,,
2006/3/27,1.2025,,,,,,,,
2006/3/28,1.2084,,,,,,,,
2006/3/29,1.2012,,,,,,,,
2006/3/30,1.2096,,,,,,,,
2006/3/31,1.2104,,,,,,,,
2006/4/3,1.2063,,,,,,,,
2006/4/4,1.2217,,,,,,,,
2006/4/5,1.2262,,,,,,,,
2006/4/6,1.2312,,,,,,,,
2006/4/7,1.2179,,,,,,,,
2006/4/10,1.2099,,,,,,,,
2006/4/11,1.2105,,,,,,,,
2006/4/12,1.2125,,,,,,,,
2006/4/13,1.2094,,,,,,,,
2006/4/18,1.2252,,,,,,,,
2006/4/19,1.2346,,,,,,,,
2006/4/20,1.2346,,,,,,,,
2006/4/21,1.2315,,,,,,,,
2006/4/24,1.2365,,,,,,,,
2006/4/25,1.2425,,,,,,,,
2006/4/26,1.2425,,,,,,,,
2006/4/27,1.2414,,,,,,,,
2006/4/28,1.2537,,,,,,,,
2006/5/2,1.2643,,,,,,,,
2006/5/3,1.2622,,,,,,,,
2006/5/4,1.2592,,,,,,,,
2006/5/5,1.2688,,,,,,,,
2006/5/8,1.2756,,,,,,,,
2006/5/9,1.2697,,,,,,,,
2006/5/10,1.2779,,,,,,,,
2006/5/11,1.2716,,,,,,,,
2006/5/12,1.2914,,,,,,,,
2006/5/15,1.2826,,,,,,,,
2006/5/16,1.2817,,,,,,,,
2006/5/17,1.2882,,,,,,,,
2006/5/18,1.277,,,,,,,,
2006/5/19,1.2767,,,,,,,,
2006/5/22,1.2753,,,,,,,,
2006/5/23,1.2841,,,,,,,,
2006/5/24,1.2851,,,,,,,,
2006/5/25,1.2755,,,,,,,,
2006/5/26,1.2797,,,,,,,,
2006/5/29,1.2758,,,,,,,,
2006/5/30,1.2839,,,,,,,,
2006/5/31,1.2868,,,,,,,,
2006/6/1,1.2736,,,,,,,,
2006/6/2,1.2815,,,,,,,,
2006/6/5,1.2958,,,,,,,,
2006/6/6,1.2847,,,,,,,,
2006/6/7,1.2789,,,,,,,,
2006/6/8,1.2735,,,,,,,,
2006/6/9,1.2659,,,,,,,,
2006/6/12,1.2572,,,,,,,,
2006/6/13,1.2571,,,,,,,,
2006/6/14,1.2563,,,,,,,,
2006/6/15,1.261,,,,,,,,
2006/6/16,1.2651,,,,,,,,
2006/6/19,1.2591,,,,,,,,
2006/6/20,1.2546,,,,,,,,
2006/6/21,1.2632,,,,,,,,
2006/6/22,1.2582,,,,,,,,
2006/6/23,1.2502,,,,,,,,
2006/6/26,1.2561,,,,,,,,
2006/6/27,1.2567,,,,,,,,
2006/6/28,1.257,,,,,,,,
2006/6/29,1.2529,,,,,,,,
2006/6/30,1.2713,,,,,,,,
2006/7/3,1.279,,,,,,,,
2006/7/4,1.2791,,,,,,,,
2006/7/5,1.2794,,,,,,,,
2006/7/6,1.2735,,,,,,,,
2006/7/7,1.2778,,,,,,,,
2006/7/10,1.2752,,,,,,,,
2006/7/11,1.2736,,,,,,,,
2006/7/12,1.2722,,,,,,,,
2006/7/13,1.2692,,,,,,,,
2006/7/14,1.2666,,,,,,,,
2006/7/17,1.2541,,,,,,,,
2006/7/18,1.2531,,,,,,,,
2006/7/19,1.2482,,,,,,,,
2006/7/20,1.2643,,,,,,,,
2006/7/21,1.268,,,,,,,,
2006/7/24,1.2633,,,,,,,,
2006/7/25,1.2636,,,,,,,,
2006/7/26,1.2587,,,,,,,,
2006/7/27,1.2737,,,,,,,,
2006/7/28,1.2664,,,,,,,,
2006/7/31,1.2767,,,,,,,,
2006/8/1,1.2759,,,,,,,,
2006/8/2,1.2798,,,,,,,,
2006/8/3,1.2781,,,,,,,,
2006/8/4,1.2792,,,,,,,,
2006/8/7,1.285,,,,,,,,
2006/8/8,1.2839,,,,,,,,
2006/8/9,1.2879,,,,,,,,
2006/8/10,1.2857,,,,,,,,
2006/8/11,1.2775,,,,,,,,
2006/8/14,1.2718,,,,,,,,
2006/8/15,1.2725,,,,,,,,
2006/8/16,1.2793,,,,,,,,
2006/8/17,1.2879,,,,,,,,
2006/8/18,1.2802,,,,,,,,
2006/8/21,1.2919,,,,,,,,
2006/8/22,1.2812,,,,,,,,
2006/8/23,1.2812,,,,,,,,
2006/8/24,1.2831,,,,,,,,
2006/8/25,1.2762,,,,,,,,
2006/8/28,1.28,,,,,,,,
2006/8/29,1.2808,,,,,,,,
2006/8/30,1.2818,,,,,,,,
2006/8/31,1.2851,,,,,,,,
2006/9/1,1.2817,,,,,,,,
2006/9/4,1.2852,,,,,,,,
2006/9/5,1.281,,,,,,,,
2006/9/6,1.2793,,,,,,,,
2006/9/7,1.2731,,,,,,,,
2006/9/8,1.2713,,,,,,,,
2006/9/11,1.2713,,,,,,,,
2006/9/12,1.2709,,,,,,,,
2006/9/13,1.2677,,,,,,,,
2006/9/14,1.2723,,,,,,,,
2006/9/15,1.2675,,,,,,,,
2006/9/18,1.2665,,,,,,,,
2006/9/19,1.2654,,,,,,,,
2006/9/20,1.2676,,,,,,,,
2006/9/21,1.2731,,,,,,,,
2006/9/22,1.2817,,,,,,,,
2006/9/25,1.2768,,,,,,,,
2006/9/26,1.2695,,,,,,,,
2006/9/27,1.2684,,,,,,,,
2006/9/28,1.2713,,,,,,,,
2006/9/29,1.266,,,,,,,,
2006/10/2,1.2685,,,,,,,,
2006/10/3,1.2737,,,,,,,,
2006/10/4,1.2684,,,,,,,,
2006/10/5,1.2721,,,,,,,,
2006/10/6,1.2664,,,,,,,,
2006/10/9,1.2603,,,,,,,,
2006/10/10,1.2538,,,,,,,,
2006/10/11,1.2543,,,,,,,,
2006/10/12,1.2531,,,,,,,,
2006/10/13,1.255,,,,,,,,
2006/10/16,1.2515,,,,,,,,
2006/10/17,1.2524,,,,,,,,
2006/10/18,1.2543,,,,,,,,
2006/10/19,1.2561,,,,,,,,
2006/10/20,1.2618,,,,,,,,
2006/10/23,1.2556,,,,,,,,
2006/10/24,1.2541,,,,,,,,
2006/10/25,1.258,,,,,,,,
2006/10/26,1.2653,,,,,,,,
2006/10/27,1.2683,,,,,,,,
2006/10/30,1.2717,,,,,,,,
2006/10/31,1.2696,,,,,,,,
2006/11/1,1.2757,,,,,,,,
2006/11/2,1.2767,,,,,,,,
2006/11/3,1.276,,,,,,,,
2006/11/6,1.2702,,,,,,,,
2006/11/7,1.2755,,,,,,,,
2006/11/8,1.2776,,,,,,,,
2006/11/9,1.2796,,,,,,,,
2006/11/10,1.2864,,,,,,,,
2006/11/13,1.283,,,,,,,,
2006/11/14,1.2824,,,,,,,,
2006/11/15,1.2792,,,,,,,,
2006/11/16,1.2804,,,,,,,,
2006/11/17,1.2774,,,,,,,,
2006/11/20,1.2841,,,,,,,,
2006/11/21,1.2814,,,,,,,,
2006/11/22,1.2886,,,,,,,,
2006/11/23,1.2953,,,,,,,,
2006/11/24,1.3078,,,,,,,,
2006/11/27,1.3114,,,,,,,,
2006/11/28,1.3147,,,,,,,,
2006/11/29,1.3157,,,,,,,,
2006/11/30,1.32,,,,,,,,
2006/12/1,1.3244,,,,,,,,
2006/12/4,1.3309,,,,,,,,
2006/12/5,1.3331,,,,,,,,
2006/12/6,1.3274,,,,,,,,
2006/12/7,1.3297,,,,,,,,
2006/12/8,1.3276,,,,,,,,
2006/12/11,1.3177,,,,,,,,
2006/12/12,1.3244,,,,,,,,
2006/12/13,1.3265,,,,,,,,
2006/12/14,1.3192,,,,,,,,
2006/12/15,1.3106,,,,,,,,
2006/12/18,1.3095,,,,,,,,
2006/12/19,1.3158,,,,,,,,
2006/12/20,1.3203,,,,,,,,
2006/12/21,1.3178,,,,,,,,
2006/12/22,1.3192,,,,,,,,
2006/12/27,1.3159,,,,,,,,
2006/12/28,1.3173,,,,,,,,
2006/12/29,1.317,,,,,,,,
2007/1/2,1.327,,,,,,,,
2007/1/3,1.3231,,,,,,,,
2007/1/4,1.3106,,,,,,,,
2007/1/5,1.3084,,,,,,,,
2007/1/8,1.3006,,,,,,,,
2007/1/9,1.3018,,,,,,,,
2007/1/10,1.2988,,,,,,,,
2007/1/11,1.2984,,,,,,,,
2007/1/12,1.2893,,,,,,,,
2007/1/15,1.2941,,,,,,,,
2007/1/16,1.2953,,,,,,,,
2007/1/17,1.2909,,,,,,,,
2007/1/18,1.2922,,,,,,,,
2007/1/19,1.2958,,,,,,,,
2007/1/22,1.2936,,,,,,,,
2007/1/23,1.304,,,,,,,,
2007/1/24,1.3005,,,,,,,,
2007/1/25,1.2978,,,,,,,,
2007/1/26,1.2901,,,,,,,,
2007/1/29,1.2921,,,,,,,,
2007/1/30,1.2972,,,,,,,,
2007/1/31,1.2954,,,,,,,,
2007/2/1,1.302,,,,,,,,
2007/2/2,1.302,,,,,,,,
2007/2/5,1.2925,,,,,,,,
2007/2/6,1.2955,,,,,,,,
2007/2/7,1.2987,,,,,,,,
2007/2/8,1.2991,,,,,,,,
2007/2/9,1.3007,,,,,,,,
2007/2/12,1.2956,,,,,,,,
2007/2/13,1.3022,,,,,,,,
2007/2/14,1.3082,,,,,,,,
2007/2/15,1.3137,,,,,,,,
2007/2/16,1.3119,,,,,,,,
2007/2/19,1.3132,,,,,,,,
2007/2/20,1.3145,,,,,,,,
2007/2/21,1.3145,,,,,,,,
2007/2/22,1.3106,,,,,,,,
2007/2/23,1.3134,,,,,,,,
2007/2/26,1.316,,,,,,,,
2007/2/27,1.323,,,,,,,,
2007/2/28,1.3211,,,,,,,,
2007/3/1,1.3225,,,,,,,,
2007/3/2,1.3163,,,,,,,,
2007/3/5,1.3083,,,,,,,,
2007/3/6,1.31,,,,,,,,
2007/3/7,1.3135,,,,,,,,
2007/3/8,1.3152,,,,,,,,
2007/3/9,1.3155,,,,,,,,
2007/3/12,1.3156,,,,,,,,
2007/3/13,1.3218,,,,,,,,
2007/3/14,1.3183,,,,,,,,
2007/3/15,1.3226,,,,,,,,
2007/3/16,1.3325,,,,,,,,
2007/3/19,1.3303,,,,,,,,
2007/3/20,1.3296,,,,,,,,
2007/3/21,1.3293,,,,,,,,
2007/3/22,1.3351,,,,,,,,
2007/3/23,1.3327,,,,,,,,
2007/3/26,1.3265,,,,,,,,
2007/3/27,1.3347,,,,,,,,
2007/3/28,1.3348,,,,,,,,
2007/3/29,1.3352,,,,,,,,
2007/3/30,1.3318,,,,,,,,
2007/4/2,1.3366,,,,,,,,
2007/4/3,1.3358,,,,,,,,
2007/4/4,1.3352,,,,,,,,
2007/4/5,1.3373,,,,,,,,
2007/4/10,1.3426,,,,,,,,
2007/4/11,1.3418,,,,,,,,
2007/4/12,1.3467,,,,,,,,
2007/4/13,1.3532,,,,,,,,
2007/4/16,1.355,,,,,,,,
2007/4/17,1.3549,,,,,,,,
2007/4/18,1.3577,,,,,,,,
2007/4/19,1.3601,,,,,,,,
2007/4/20,1.3606,,,,,,,,
2007/4/23,1.3557,,,,,,,,
2007/4/24,1.3582,,,,,,,,
2007/4/25,1.3649,,,,,,,,
2007/4/26,1.3596,,,,,,,,
2007/4/27,1.3643,,,,,,,,
2007/4/30,1.3605,,,,,,,,
2007/5/2,1.3588,,,,,,,,
2007/5/3,1.3613,,,,,,,,
2007/5/4,1.3561,,,,,,,,
2007/5/7,1.3615,,,,,,,,
2007/5/8,1.3558,,,,,,,,
2007/5/9,1.3535,,,,,,,,
2007/5/10,1.3527,,,,,,,,
2007/5/11,1.3486,,,,,,,,
2007/5/14,1.3549,,,,,,,,
2007/5/15,1.3538,,,,,,,,
2007/5/16,1.3574,,,,,,,,
2007/5/17,1.3516,,,,,,,,
2007/5/18,1.3477,,,,,,,,
2007/5/21,1.3444,,,,,,,,
2007/5/22,1.3454,,,,,,,,
2007/5/23,1.349,,,,,,,,
2007/5/24,1.3448,,,,,,,,
2007/5/25,1.3441,,,,,,,,
2007/5/28,1.3453,,,,,,,,
2007/5/29,1.3509,,,,,,,,
2007/5/30,1.342,,,,,,,,
2007/5/31,1.3453,,,,,,,,
2007/6/1,1.3436,,,,,,,,
2007/6/4,1.3482,,,,,,,,
2007/6/5,1.3532,,,,,,,,
2007/6/6,1.3513,,,,,,,,
2007/6/7,1.347,,,,,,,,
2007/6/8,1.3349,,,,,,,,
2007/6/11,1.3355,,,,,,,,
2007/6/12,1.3345,,,,,,,,
2007/6/13,1.3287,,,,,,,,
2007/6/14,1.3304,,,,,,,,
2007/6/15,1.3314,,,,,,,,
2007/6/18,1.3404,,,,,,,,
2007/6/19,1.3403,,,,,,,,
2007/6/20,1.3427,,,,,,,,
2007/6/21,1.3397,,,,,,,,
2007/6/22,1.3441,,,,,,,,
2007/6/25,1.3461,,,,,,,,
2007/6/26,1.346,,,,,,,,
2007/6/27,1.3438,,,,,,,,
2007/6/28,1.3467,,,,,,,,
2007/6/29,1.3505,,,,,,,,
2007/7/2,1.3588,,,,,,,,
2007/7/3,1.3601,,,,,,,,
2007/7/4,1.3618,,,,,,,,
2007/7/5,1.364,,,,,,,,
2007/7/6,1.3596,,,,,,,,
2007/7/9,1.3621,,,,,,,,
2007/7/10,1.3666,,,,,,,,
2007/7/11,1.3753,,,,,,,,
2007/7/12,1.3788,,,,,,,,
2007/7/13,1.3782,,,,,,,,
2007/7/16,1.3781,,,,,,,,
2007/7/17,1.3771,,,,,,,,
2007/7/18,1.3779,,,,,,,,
2007/7/19,1.382,,,,,,,,
2007/7/20,1.3803,,,,,,,,
2007/7/23,1.3821,,,,,,,,
2007/7/24,1.3833,,,,,,,,
2007/7/25,1.3743,,,,,,,,
2007/7/26,1.3722,,,,,,,,
2007/7/27,1.3651,,,,,,,,
2007/7/30,1.3659,,,,,,,,
2007/7/31,1.3707,,,,,,,,
2007/8/1,1.3663,,,,,,,,
2007/8/2,1.3664,,,,,,,,
2007/8/3,1.3694,,,,,,,,
2007/8/6,1.3818,,,,,,,,
2007/8/7,1.3794,,,,,,,,
2007/8/8,1.3794,,,,,,,,
2007/8/9,1.3729,,,,,,,,
2007/8/10,1.365,,,,,,,,
2007/8/13,1.3651,,,,,,,,
2007/8/14,1.3591,,,,,,,,
2007/8/15,1.3476,,,,,,,,
2007/8/16,1.3405,,,,,,,,
2007/8/17,1.3454,,,,,,,,
2007/8/20,1.3476,,,,,,,,
2007/8/21,1.3508,,,,,,,,
2007/8/22,1.3493,,,,,,,,
2007/8/23,1.3574,,,,,,,,
2007/8/24,1.3615,,,,,,,,
2007/8/27,1.3658,,,,,,,,
2007/8/28,1.3664,,,,,,,,
2007/8/29,1.3631,,,,,,,,
2007/8/30,1.361,,,,,,,,
2007/8/31,1.3705,,,,,,,,
2007/9/3,1.3632,,,,,,,,
2007/9/4,1.358,,,,,,,,
2007/9/5,1.3588,,,,,,,,
2007/9/6,1.3669,,,,,,,,
2007/9/7,1.3696,,,,,,,,
2007/9/10,1.3795,,,,,,,,
2007/9/11,1.3824,,,,,,,,
2007/9/12,1.3885,,,,,,,,
2007/9/13,1.3897,,,,,,,,
2007/9/14,1.386,,,,,,,,
2007/9/17,1.3877,,,,,,,,
2007/9/18,1.3867,,,,,,,,
2007/9/19,1.3975,,,,,,,,
2007/9/20,1.403,,,,,,,,
2007/9/21,1.4049,,,,,,,,
2007/9/24,1.4113,,,,,,,,
2007/9/25,1.4106,,,,,,,,
2007/9/26,1.4127,,,,,,,,
2007/9/27,1.418,,,,,,,,
2007/9/28,1.4179,,,,,,,,
2007/10/1,1.4232,,,,,,,,
2007/10/2,1.4165,,,,,,,,
2007/10/3,1.4195,,,,,,,,
2007/10/4,1.4109,,,,,,,,
2007/10/5,1.4136,,,,,,,,
2007/10/8,1.4089,,,,,,,,
2007/10/9,1.4037,,,,,,,,
2007/10/10,1.4146,,,,,,,,
2007/10/11,1.4199,,,,,,,,
2007/10/12,1.4173,,,,,,,,
2007/10/15,1.4226,,,,,,,,
2007/10/16,1.415,,,,,,,,
2007/10/17,1.42,,,,,,,,
2007/10/18,1.4299,,,,,,,,
2007/10/19,1.4288,,,,,,,,
2007/10/22,1.4166,,,,,,,,
2007/10/23,1.4254,,,,,,,,
2007/10/24,1.423,,,,,,,,
2007/10/25,1.4309,,,,,,,,
2007/10/26,1.4384,,,,,,,,
2007/10/29,1.4391,,,,,,,,
2007/10/30,1.4407,,,,,,,,
2007/10/31,1.4447,,,,,,,,
2007/11/1,1.4423,,,,,,,,
2007/11/2,1.4479,,,,,,,,
2007/11/5,1.4488,,,,,,,,
2007/11/6,1.4547,,,,,,,,
2007/11/7,1.4722,,,,,,,,
2007/11/8,1.4666,,,,,,,,
2007/11/9,1.4683,,,,,,,,
2007/11/12,1.4579,,,,,,,,
2007/11/13,1.4607,,,,,,,,
2007/11/14,1.47,,,,,,,,
2007/11/15,1.4639,,,,,,,,
2007/11/16,1.4651,,,,,,,,
2007/11/19,1.4654,,,,,,,,
2007/11/20,1.4785,,,,,,,,
2007/11/21,1.4814,,,,,,,,
2007/11/22,1.4829,,,,,,,,
2007/11/23,1.4809,,,,,,,,
2007/11/26,1.4845,,,,,,,,
2007/11/27,1.4874,,,,,,,,
2007/11/28,1.4747,,,,,,,,
2007/11/29,1.4738,,,,,,,,
2007/11/30,1.4761,,,,,,,,
2007/12/3,1.4666,,,,,,,,
2007/12/4,1.4741,,,,,,,,
2007/12/5,1.472,,,,,,,,
2007/12/6,1.4554,,,,,,,,
2007/12/7,1.4649,,,,,,,,
2007/12/10,1.4718,,,,,,,,
2007/12/11,1.4672,,,,,,,,
2007/12/12,1.4675,,,,,,,,
2007/12/13,1.4683,,,,,,,,
2007/12/14,1.4509,,,,,,,,
2007/12/17,1.4393,,,,,,,,
2007/12/18,1.4416,,,,,,,,
2007/12/19,1.4385,,,,,,,,
2007/12/20,1.4349,,,,,,,,
2007/12/21,1.438,,,,,,,,
2007/12/24,1.4398,,,,,,,,
2007/12/27,1.4516,,,,,,,,
2007/12/28,1.4692,,,,,,,,
2007/12/31,1.4721,,,,,,,,
2008/1/2,1.4688,,,,,,,,
2008/1/3,1.4753,,,,,,,,
2008/1/4,1.4727,,,,,,,,
2008/1/7,1.4723,,,,,,,,
2008/1/8,1.4705,,,,,,,,
2008/1/9,1.468,,,,,,,,
2008/1/10,1.4662,,,,,,,,
2008/1/11,1.4792,,,,,,,,
2008/1/14,1.4895,,,,,,,,
2008/1/15,1.4886,,,,,,,,
2008/1/16,1.4792,,,,,,,,
2008/1/17,1.4691,,,,,,,,
2008/1/18,1.4674,,,,,,,,
2008/1/21,1.4482,,,,,,,,
2008/1/22,1.4494,,,,,,,,
2008/1/23,1.4574,,,,,,,,
2008/1/24,1.4663,,,,,,,,
2008/1/25,1.4705,,,,,,,,
2008/1/28,1.4755,,,,,,,,
2008/1/29,1.4773,,,,,,,,
2008/1/30,1.481,,,,,,,,
2008/1/31,1.487,,,,,,,,
2008/2/1,1.4889,,,,,,,,
2008/2/4,1.4829,,,,,,,,
2008/2/5,1.4688,,,,,,,,
2008/2/6,1.4621,,,,,,,,
2008/2/7,1.4569,,,,,,,,
2008/2/8,1.4513,,,,,,,,
2008/2/11,1.4542,,,,,,,,
2008/2/12,1.4538,,,,,,,,
2008/2/13,1.4586,,,,,,,,
2008/2/14,1.4626,,,,,,,,
2008/2/15,1.4674,,,,,,,,
2008/2/18,1.4636,,,,,,,,
2008/2/19,1.4742,,,,,,,,
2008/2/20,1.4656,,,,,,,,
2008/2/21,1.4736,,,,,,,,
2008/2/22,1.4848,,,,,,,,
2008/2/25,1.4817,,,,,,,,
2008/2/26,1.4874,,,,,,,,
2008/2/27,1.5044,,,,,,,,
2008/2/28,1.5121,,,,,,,,
2008/2/29,1.5167,,,,,,,,
2008/3/3,1.5203,,,,,,,,
2008/3/4,1.5206,,,,,,,,
2008/3/5,1.5196,,,,,,,,
2008/3/6,1.5319,,,,,,,,
2008/3/7,1.5417,,,,,,,,
2008/3/10,1.534,,,,,,,,
2008/3/11,1.5379,,,,,,,,
2008/3/12,1.5477,,,,,,,,
2008/3/13,1.5577,,,,,,,,
2008/3/14,1.5561,,,,,,,,
2008/3/17,1.577,,,,,,,,
2008/3/18,1.5771,,,,,,,,
2008/3/19,1.5692,,,,,,,,
2008/3/20,1.5423,,,,,,,,
2008/3/25,1.5569,,,,,,,,
2008/3/26,1.571,,,,,,,,
2008/3/27,1.5786,,,,,,,,
2008/3/28,1.5796,,,,,,,,
2008/3/31,1.5812,,,,,,,,
2008/4/1,1.566,,,,,,,,
2008/4/2,1.5632,,,,,,,,
2008/4/3,1.5526,,,,,,,,
2008/4/4,1.5722,,,,,,,,
2008/4/7,1.5693,,,,,,,,
2008/4/8,1.5694,,,,,,,,
2008/4/9,1.5726,,,,,,,,
2008/4/10,1.5875,,,,,,,,
2008/4/11,1.5833,,,,,,,,
2008/4/14,1.5869,,,,,,,,
2008/4/15,1.5828,,,,,,,,
2008/4/16,1.5928,,,,,,,,
2008/4/17,1.5872,,,,,,,,
2008/4/18,1.578,,,,,,,,
2008/4/21,1.5898,,,,,,,,
2008/4/22,1.5931,,,,,,,,
2008/4/23,1.594,,,,,,,,
2008/4/24,1.5769,,,,,,,,
2008/4/25,1.5596,,,,,,,,
2008/4/28,1.5628,,,,,,,,
2008/4/29,1.5571,,,,,,,,
2008/4/30,1.554,,,,,,,,
2008/5/2,1.5458,,,,,,,,
2008/5/5,1.546,,,,,,,,
2008/5/6,1.5528,,,,,,,,
2008/5/7,1.543,,,,,,,,
2008/5/8,1.5347,,,,,,,,
2008/5/9,1.5458,,,,,,,,
2008/5/12,1.543,,,,,,,,
2008/5/13,1.5473,,,,,,,,
2008/5/14,1.5439,,,,,,,,
2008/5/15,1.5474,,,,,,,,
2008/5/16,1.5498,,,,,,,,
2008/5/19,1.5577,,,,,,,,
2008/5/20,1.5639,,,,,,,,
2008/5/21,1.5753,,,,,,,,
2008/5/22,1.5755,,,,,,,,
2008/5/23,1.5742,,,,,,,,
2008/5/26,1.5761,,,,,,,,
2008/5/27,1.576,,,,,,,,
2008/5/28,1.5656,,,,,,,,
2008/5/29,1.5551,,,,,,,,
2008/5/30,1.5508,,,,,,,,
2008/6/2,1.5521,,,,,,,,
2008/6/3,1.5593,,,,,,,,
2008/6/4,1.5466,,,,,,,,
2008/6/5,1.5402,,,,,,,,
2008/6/6,1.5597,,,,,,,,
2008/6/9,1.5784,,,,,,,,
2008/6/10,1.5526,,,,,,,,
2008/6/11,1.5515,,,,,,,,
2008/6/12,1.5417,,,,,,,,
2008/6/13,1.5336,,,,,,,,
2008/6/16,1.5459,,,,,,,,
2008/6/17,1.5477,,,,,,,,
2008/6/18,1.5493,,,,,,,,
2008/6/19,1.5481,,,,,,,,
2008/6/20,1.561,,,,,,,,
2008/6/23,1.5521,,,,,,,,
2008/6/24,1.5568,,,,,,,,
2008/6/25,1.5599,,,,,,,,
2008/6/26,1.5731,,,,,,,,
2008/6/27,1.5748,,,,,,,,
2008/6/30,1.5764,,,,,,,,
2008/7/1,1.5775,,,,,,,,
2008/7/2,1.5806,,,,,,,,
2008/7/3,1.5885,,,,,,,,
2008/7/4,1.5671,,,,,,,,
2008/7/7,1.5651,,,,,,,,
2008/7/8,1.5687,,,,,,,,
2008/7/9,1.5715,,,,,,,,
2008/7/10,1.5708,,,,,,,,
2008/7/11,1.5835,,,,,,,,
2008/7/14,1.5847,,,,,,,,
2008/7/15,1.599,,,,,,,,
2008/7/16,1.5888,,,,,,,,
2008/7/17,1.5849,,,,,,,,
2008/7/18,1.5816,,,,,,,,
2008/7/21,1.5858,,,,,,,,
2008/7/22,1.5919,,,,,,,,
2008/7/23,1.5741,,,,,,,,
2008/7/24,1.5677,,,,,,,,
2008/7/25,1.5734,,,,,,,,
2008/7/28,1.5746,,,,,,,,
2008/7/29,1.5705,,,,,,,,
2008/7/30,1.5589,,,,,,,,
2008/7/31,1.5611,,,,,,,,
2008/8/1,1.5574,,,,,,,,
2008/8/4,1.5566,,,,,,,,
2008/8/5,1.5487,,,,,,,,
2008/8/6,1.5478,,,,,,,,
2008/8/7,1.5471,,,,,,,,
2008/8/8,1.5074,,,,,,,,
2008/8/11,1.5012,,,,,,,,
2008/8/12,1.4907,,,,,,,,
2008/8/13,1.4903,,,,,,,,
2008/8/14,1.4907,,,,,,,,
2008/8/15,1.4729,,,,,,,,
2008/8/18,1.4704,,,,,,,,
2008/8/19,1.4677,,,,,,,,
2008/8/20,1.4734,,,,,,,,
2008/8/21,1.4814,,,,,,,,
2008/8/22,1.4808,,,,,,,,
2008/8/25,1.4767,,,,,,,,
2008/8/26,1.4598,,,,,,,,
2008/8/27,1.4767,,,,,,,,
2008/8/28,1.4771,,,,,,,,
2008/8/29,1.4735,,,,,,,,
2008/9/1,1.4621,,,,,,,,
2008/9/2,1.4516,,,,,,,,
2008/9/3,1.4441,,,,,,,,
2008/9/4,1.4488,,,,,,,,
2008/9/5,1.4247,,,,,,,,
2008/9/8,1.4214,,,,,,,,
2008/9/9,1.4144,,,,,,,,
2008/9/10,1.4094,,,,,,,,
2008/9/11,1.3934,,,,,,,,
2008/9/12,1.4066,,,,,,,,
2008/9/15,1.4151,,,,,,,,
2008/9/16,1.4267,,,,,,,,
2008/9/17,1.4224,,,,,,,,
2008/9/18,1.4502,,,,,,,,
2008/9/19,1.4236,,,,,,,,
2008/9/22,1.4571,,,,,,,,
2008/9/23,1.4731,,,,,,,,
2008/9/24,1.469,,,,,,,,
2008/9/25,1.47,,,,,,,,
2008/9/26,1.464,,,,,,,,
2008/9/29,1.4349,,,,,,,,
2008/9/30,1.4303,,,,,,,,
2008/10/1,1.4081,,,,,,,,
2008/10/2,1.3903,,,,,,,,
2008/10/3,1.3834,,,,,,,,
2008/10/6,1.3634,,,,,,,,
2008/10/7,1.3632,,,,,,,,
2008/10/8,1.3731,,,,,,,,
2008/10/9,1.3682,,,,,,,,
2008/10/10,1.3579,,,,,,,,
2008/10/13,1.3639,,,,,,,,
2008/10/14,1.3752,,,,,,,,
2008/10/15,1.3625,,,,,,,,
2008/10/16,1.3507,,,,,,,,
2008/10/17,1.3404,,,,,,,,
2008/10/20,1.3424,,,,,,,,
2008/10/21,1.3184,,,,,,,,
2008/10/22,1.2843,,,,,,,,
2008/10/23,1.281,,,,,,,,
2008/10/24,1.2596,,,,,,,,
2008/10/27,1.246,,,,,,,,
2008/10/28,1.2526,,,,,,,,
2008/10/29,1.277,,,,,,,,
2008/10/30,1.3035,,,,,,,,
2008/10/31,1.2757,,,,,,,,
2008/11/3,1.2822,,,,,,,,
2008/11/4,1.282,,,,,,,,
2008/11/5,1.287,,,,,,,,
2008/11/6,1.277,,,,,,,,
2008/11/7,1.2756,,,,,,,,
2008/11/10,1.2891,,,,,,,,
2008/11/11,1.2747,,,,,,,,
2008/11/12,1.253,,,,,,,,
2008/11/13,1.2525,,,,,,,,
2008/11/14,1.2675,,,,,,,,
2008/11/17,1.266,,,,,,,,
2008/11/18,1.2653,,,,,,,,
2008/11/19,1.2634,,,,,,,,
2008/11/20,1.2542,,,,,,,,
2008/11/21,1.2602,,,,,,,,
2008/11/24,1.2773,,,,,,,,
2008/11/25,1.2811,,,,,,,,
2008/11/26,1.2935,,,,,,,,
2008/11/27,1.29,,,,,,,,
2008/11/28,1.2727,,,,,,,,
2008/12/1,1.2608,,,,,,,,
2008/12/2,1.2697,,,,,,,,
2008/12/3,1.2623,,,,,,,,
2008/12/4,1.262,,,,,,,,
2008/12/5,1.2665,,,,,,,,
2008/12/8,1.2854,,,,,,,,
2008/12/9,1.2838,,,,,,,,
2008/12/10,1.2925,,,,,,,,
2008/12/11,1.3215,,,,,,,,
2008/12/12,1.334,,,,,,,,
2008/12/15,1.351,,,,,,,,
2008/12/16,1.369,,,,,,,,
2008/12/17,1.4059,,,,,,,,
2008/12/18,1.4616,,,,,,,,
2008/12/19,1.394,,,,,,,,
2008/12/22,1.397,,,,,,,,
2008/12/23,1.3978,,,,,,,,
2008/12/24,1.4005,,,,,,,,
2008/12/29,1.427,,,,,,,,
2008/12/30,1.4098,,,,,,,,
2008/12/31,1.3917,,,,,,,,
2009/1/2,1.3866,,,,,,,,
2009/1/5,1.3582,,,,,,,,
2009/1/6,1.3332,,,,,,,,
2009/1/7,1.3595,,,,,,,,
2009/1/8,1.3617,,,,,,,,
2009/1/9,1.3684,,,,,,,,
2009/1/12,1.3394,,,,,,,,
2009/1/13,1.3262,,,,,,,,
2009/1/14,1.3173,,,,,,,,
2009/1/15,1.3085,,,,,,,,
2009/1/16,1.327,,,,,,,,
2009/1/19,1.3182,,,,,,,,
2009/1/20,1.293,,,,,,,,
2009/1/21,1.291,,,,,,,,
2009/1/22,1.2984,,,,,,,,
2009/1/23,1.2795,,,,,,,,
2009/1/26,1.299,,,,,,,,
2009/1/27,1.3174,,,,,,,,
2009/1/28,1.326,,,,,,,,
2009/1/29,1.3111,,,,,,,,
2009/1/30,1.2816,,,,,,,,
2009/2/2,1.276,,,,,,,,
2009/2/3,1.2849,,,,,,,,
2009/2/4,1.2818,,,,,,,,
2009/2/5,1.2829,,,,,,,,
2009/2/6,1.2796,,,,,,,,
2009/2/9,1.3008,,,,,,,,
2009/2/10,1.2967,,,,,,,,
2009/2/11,1.2938,,,,,,,,
2009/2/12,1.2833,,,,,,,,
2009/2/13,1.2823,,,,,,,,
2009/2/16,1.2765,,,,,,,,
2009/2/17,1.2634,,,,,,,,
2009/2/18,1.2596,,,,,,,,
2009/2/19,1.2705,,,,,,,,
2009/2/20,1.2591,,,,,,,,
2009/2/23,1.2798,,,,,,,,
2009/2/24,1.2763,,,,,,,,
2009/2/25,1.2795,,,,,,,,
2009/2/26,1.2782,,,,,,,,
2009/2/27,1.2644,,,,,,,,
2009/3/2,1.2596,,,,,,,,
2009/3/3,1.2615,,,,,,,,
2009/3/4,1.2555,,,,,,,,
2009/3/5,1.2555,,,,,,,,
2009/3/6,1.2658,,,,,,,,
2009/3/9,1.2565,,,,,,,,
2009/3/10,1.2783,,,,,,,,
2009/3/11,1.2786,,,,,,,,
2009/3/12,1.2782,,,,,,,,
2009/3/13,1.2905,,,,,,,,
2009/3/16,1.3042,,,,,,,,
2009/3/17,1.2942,,,,,,,,
2009/3/18,1.313,,,,,,,,
2009/3/19,1.3671,,,,,,,,
2009/3/20,1.3549,,,,,,,,
2009/3/23,1.3558,,,,,,,,
2009/3/24,1.3507,,,,,,,,
2009/3/25,1.3494,,,,,,,,
2009/3/26,1.3607,,,,,,,,
2009/3/27,1.3295,,,,,,,,
2009/3/30,1.3193,,,,,,,,
2009/3/31,1.3308,,,,,,,,
2009/4/1,1.3246,,,,,,,,
2009/4/2,1.3392,,,,,,,,
2009/4/3,1.3425,,,,,,,,
2009/4/6,1.3496,,,,,,,,
2009/4/7,1.3255,,,,,,,,
2009/4/8,1.3231,,,,,,,,
2009/4/9,1.3273,,,,,,,,
2009/4/14,1.3276,,,,,,,,
2009/4/15,1.3173,,,,,,,,
2009/4/16,1.3196,,,,,,,,
2009/4/17,1.3058,,,,,,,,
2009/4/20,1.2966,,,,,,,,
2009/4/21,1.2932,,,,,,,,
2009/4/22,1.2947,,,,,,,,
2009/4/23,1.305,,,,,,,,
2009/4/24,1.3232,,,,,,,,
2009/4/27,1.3125,,,,,,,,
2009/4/28,1.2992,,,,,,,,
2009/4/29,1.3266,,,,,,,,
2009/4/30,1.3275,,,,,,,,
2009/5/4,1.3223,,,,,,,,
2009/5/5,1.3403,,,,,,,,
2009/5/6,1.3322,,,,,,,,
2009/5/7,1.3363,,,,,,,,
2009/5/8,1.3425,,,,,,,,
2009/5/11,1.3574,,,,,,,,
2009/5/12,1.3683,,,,,,,,
2009/5/13,1.3623,,,,,,,,
2009/5/14,1.3563,,,,,,,,
2009/5/15,1.3518,,,,,,,,
2009/5/18,1.3494,,,,,,,,
2009/5/19,1.3612,,,,,,,,
2009/5/20,1.369,,,,,,,,
2009/5/21,1.3771,,,,,,,,
2009/5/22,1.3972,,,,,,,,
2009/5/25,1.401,,,,,,,,
2009/5/26,1.3908,,,,,,,,
2009/5/27,1.3901,,,,,,,,
2009/5/28,1.3856,,,,,,,,
2009/5/29,1.4098,,,,,,,,
2009/6/1,1.422,,,,,,,,
2009/6/2,1.4238,,,,,,,,
2009/6/3,1.4207,,,,,,,,
2009/6/4,1.4095,,,,,,,,
2009/6/5,1.4177,,,,,,,,
2009/6/8,1.3866,,,,,,,,
2009/6/9,1.3959,,,,,,,,
2009/6/10,1.4102,,,,,,,,
2009/6/11,1.3969,,,,,,,,
2009/6/12,1.4004,,,,,,,,
2009/6/15,1.385,,,,,,,,
2009/6/16,1.389,,,,,,,,
2009/6/17,1.384,,,,,,,,
2009/6/18,1.392,,,,,,,,
2009/6/19,1.3932,,,,,,,,
2009/6/22,1.3858,,,,,,,,
2009/6/23,1.3978,,,,,,,,
2009/6/24,1.4029,,,,,,,,
2009/6/25,1.394,,,,,,,,
2009/6/26,1.4096,,,,,,,,
2009/6/29,1.4058,,,,,,,,
2009/6/30,1.4134,,,,,,,,
2009/7/1,1.4096,,,,,,,,
2009/7/2,1.4049,,,,,,,,
2009/7/3,1.4009,,,,,,,,
2009/7/6,1.3897,,,,,,,,
2009/7/7,1.4019,,,,,,,,
2009/7/8,1.3901,,,,,,,,
2009/7/9,1.399,,,,,,,,
2009/7/10,1.3901,,,,,,,,
2009/7/13,1.3975,,,,,,,,
2009/7/14,1.3991,,,,,,,,
2009/7/15,1.4089,,,,,,,,
2009/7/16,1.413,,,,,,,,
2009/7/17,1.409,,,,,,,,
2009/7/20,1.4217,,,,,,,,
2009/7/21,1.4223,,,,,,,,
2009/7/22,1.4191,,,,,,,,
2009/7/23,1.4229,,,,,,,,
2009/7/24,1.4227,,,,,,,,
2009/7/27,1.4269,,,,,,,,
2009/7/28,1.4229,,,,,,,,
2009/7/29,1.4104,,,,,,,,
2009/7/30,1.4053,,,,,,,,
2009/7/31,1.4138,,,,,,,,
2009/8/3,1.4303,,,,,,,,
2009/8/4,1.4384,,,,,,,,
2009/8/5,1.441,,,,,,,,
2009/8/6,1.437,,,,,,,,
2009/8/7,1.4357,,,,,,,,
2009/8/10,1.4202,,,,,,,,
2009/8/11,1.4166,,,,,,,,
2009/8/12,1.417,,,,,,,,
2009/8/13,1.4293,,,,,,,,
2009/8/14,1.4294,,,,,,,,
2009/8/17,1.4072,,,,,,,,
2009/8/18,1.4101,,,,,,,,
2009/8/19,1.4112,,,,,,,,
2009/8/20,1.4243,,,,,,,,
2009/8/21,1.433,,,,,,,,
2009/8/24,1.4323,,,,,,,,
2009/8/25,1.4324,,,,,,,,
2009/8/26,1.427,,,,,,,,
2009/8/27,1.4268,,,,,,,,
2009/8/28,1.4364,,,,,,,,
2009/8/31,1.4272,,,,,,,,
2009/9/1,1.4314,,,,,,,,
2009/9/2,1.422,,,,,,,,
2009/9/3,1.4335,,,,,,,,
2009/9/4,1.4262,,,,,,,,
2009/9/7,1.433,,,,,,,,
2009/9/8,1.4473,,,,,,,,
2009/9/9,1.4522,,,,,,,,
2009/9/10,1.4545,,,,,,,,
2009/9/11,1.4594,,,,,,,,
2009/9/14,1.4561,,,,,,,,
2009/9/15,1.4611,,,,,,,,
2009/9/16,1.4671,,,,,,,,
2009/9/17,1.4712,,,,,,,,
2009/9/18,1.4705,,,,,,,,
2009/9/21,1.4658,,,,,,,,
2009/9/22,1.478,,,,,,,,
2009/9/23,1.4783,,,,,,,,
2009/9/24,1.4768,,,,,,,,
2009/9/25,1.467,,,,,,,,
2009/9/28,1.465,,,,,,,,
2009/9/29,1.4549,,,,,,,,
2009/9/30,1.4643,,,,,,,,
2009/10/1,1.4539,,,,,,,,
2009/10/2,1.4537,,,,,,,,
2009/10/5,1.4616,,,,,,,,
2009/10/6,1.4722,,,,,,,,
2009/10/7,1.4694,,,,,,,,
2009/10/8,1.4763,,,,,,,,
2009/10/9,1.475,,,,,,,,
2009/10/12,1.4765,,,,,,,,
2009/10/13,1.4864,,,,,,,,
2009/10/14,1.4881,,,,,,,,
2009/10/15,1.4864,,,,,,,,
2009/10/16,1.4869,,,,,,,,
2009/10/19,1.4918,,,,,,,,
2009/10/20,1.4971,,,,,,,,
2009/10/21,1.4921,,,,,,,,
2009/10/22,1.5,,,,,,,,
2009/10/23,1.502,,,,,,,,
2009/10/26,1.5019,,,,,,,,
2009/10/27,1.4874,,,,,,,,
2009/10/28,1.4785,,,,,,,,
2009/10/29,1.4788,,,,,,,,
2009/10/30,1.48,,,,,,,,
2009/11/2,1.4772,,,,,,,,
2009/11/3,1.4658,,,,,,,,
2009/11/4,1.4761,,,,,,,,
2009/11/5,1.4867,,,,,,,,
2009/11/6,1.4862,,,,,,,,
2009/11/9,1.4984,,,,,,,,
2009/11/10,1.4966,,,,,,,,
2009/11/11,1.5037,,,,,,,,
2009/11/12,1.4922,,,,,,,,
2009/11/13,1.4868,,,,,,,,
2009/11/16,1.4965,,,,,,,,
2009/11/17,1.4875,,,,,,,,
2009/11/18,1.4957,,,,,,,,
2009/11/19,1.4863,,,,,,,,
2009/11/20,1.4815,,,,,,,,
2009/11/23,1.4968,,,,,,,,
2009/11/24,1.4969,,,,,,,,
2009/11/25,1.5083,,,,,,,,
2009/11/26,1.5071,,,,,,,,
2009/11/27,1.4918,,,,,,,,
2009/11/30,1.5023,,,,,,,,
2009/12/1,1.5074,,,,,,,,
2009/12/2,1.509,,,,,,,,
2009/12/3,1.512,,,,,,,,
2009/12/4,1.5068,,,,,,,,
2009/12/7,1.4787,,,,,,,,
2009/12/8,1.4774,,,,,,,,
2009/12/9,1.4768,,,,,,,,
2009/12/10,1.473,,,,,,,,
2009/12/11,1.4757,,,,,,,,
2009/12/14,1.4647,,,,,,,,
2009/12/15,1.4541,,,,,,,,
2009/12/16,1.456,,,,,,,,
2009/12/17,1.4343,,,,,,,,
2009/12/18,1.4337,,,,,,,,
2009/12/21,1.4368,,,,,,,,
2009/12/22,1.4279,,,,,,,,
2009/12/23,1.4276,,,,,,,,
2009/12/24,1.4398,,,,,,,,
2009/12/28,1.4405,,,,,,,,
2009/12/29,1.4433,,,,,,,,
2009/12/30,1.4338,,,,,,,,
2009/12/31,1.4406,,,,,,,,
2010/1/4,1.4389,,,,,,,,
2010/1/5,1.4442,,,,,,,,
2010/1/6,1.435,,,,,,,,
2010/1/7,1.4304,,,,,,,,
2010/1/8,1.4273,,,,,,,,
2010/1/11,1.4528,,,,,,,,
2010/1/12,1.4481,,,,,,,,
2010/1/13,1.4563,,,,,,,,
2010/1/14,1.4486,,,,,,,,
2010/1/15,1.4374,,,,,,,,
2010/1/18,1.4369,,,,,,,,
2010/1/19,1.4279,,,,,,,,
2010/1/20,1.4132,,,,,,,,
2010/1/21,1.4064,,,,,,,,
2010/1/22,1.4135,,,,,,,,
2010/1/25,1.4151,,,,,,,,
2010/1/26,1.4085,,,,,,,,
2010/1/27,1.4072,,,,,,,,
2010/1/28,1.3999,,,,,,,,
2010/1/29,1.3966,,,,,,,,
2010/2/1,1.3913,,,,,,,,
2010/2/2,1.3937,,,,,,,,
2010/2/3,1.3984,,,,,,,,
2010/2/4,1.3847,,,,,,,,
2010/2/5,1.3691,,,,,,,,
2010/2/8,1.3675,,,,,,,,
2010/2/9,1.376,,,,,,,,
2010/2/10,1.374,,,,,,,,
2010/2/11,1.3718,,,,,,,,
2010/2/12,1.3572,,,,,,,,
2010/2/15,1.3607,,,,,,,,
2010/2/16,1.3649,,,,,,,,
2010/2/17,1.3726,,,,,,,,
2010/2/18,1.3567,,,,,,,,
2010/2/19,1.3519,,,,,,,,
2010/2/22,1.3626,,,,,,,,
2010/2/23,1.3577,,,,,,,,
2010/2/24,1.3547,,,,,,,,
2010/2/25,1.3489,,,,,,,,
2010/2/26,1.357,,,,,,,,
2010/3/1,1.3525,,,,,,,,
2010/3/2,1.3548,,,,,,,,
2010/3/3,1.3641,,,,,,,,
2010/3/4,1.3668,,,,,,,,
2010/3/5,1.3582,,,,,,,,
2010/3/8,1.3662,,,,,,,,
2010/3/9,1.3557,,,,,,,,
2010/3/10,1.361,,,,,,,,
2010/3/11,1.3657,,,,,,,,
2010/3/12,1.3765,,,,,,,,
2010/3/15,1.3705,,,,,,,,
2010/3/16,1.3723,,,,,,,,
2010/3/17,1.3756,,,,,,,,
2010/3/18,1.366,,,,,,,,
2010/3/19,1.3548,,,,,,,,
2010/3/22,1.3471,,,,,,,,
2010/3/23,1.3519,,,,,,,,
2010/3/24,1.3338,,,,,,,,
2010/3/25,1.3356,,,,,,,,
2010/3/26,1.3353,,,,,,,,
2010/3/29,1.3471,,,,,,,,
2010/3/30,1.3482,,,,,,,,
2010/3/31,1.3479,,,,,,,,
2010/4/1,1.3468,,,,,,,,
2010/4/6,1.3396,,,,,,,,
2010/4/7,1.334,,,,,,,,
2010/4/8,1.3296,,,,,,,,
2010/4/9,1.3384,,,,,,,,
2010/4/12,1.3585,,,,,,,,
2010/4/13,1.3583,,,,,,,,
2010/4/14,1.3615,,,,,,,,
2010/4/15,1.3544,,,,,,,,
2010/4/16,1.3535,,,,,,,,
2010/4/19,1.3432,,,,,,,,
2010/4/20,1.3486,,,,,,,,
2010/4/21,1.3373,,,,,,,,
2010/4/22,1.3339,,,,,,,,
2010/4/23,1.3311,,,,,,,,
2010/4/26,1.3321,,,,,,,,
2010/4/27,1.329,,,,,,,,
2010/4/28,1.3245,,,,,,,,
2010/4/29,1.3256,,,,,,,,
2010/4/30,1.3315,,,,,,,,
2010/5/3,1.3238,,,,,,,,
2010/5/4,1.3089,,,,,,,,
2010/5/5,1.2924,,,,,,,,
2010/5/6,1.2727,,,,,,,,
2010/5/7,1.2746,,,,,,,,
2010/5/10,1.2969,,,,,,,,
2010/5/11,1.2698,,,,,,,,
2010/5/12,1.2686,,,,,,,,
2010/5/13,1.2587,,,,,,,,
2010/5/14,1.2492,,,,,,,,
2010/5/17,1.2349,,,,,,,,
2010/5/18,1.2428,,,,,,,,
2010/5/19,1.227,,,,,,,,
2010/5/20,1.2334,,,,,,,,
2010/5/21,1.2497,,,,,,,,
2010/5/24,1.236,,,,,,,,
2010/5/25,1.2223,,,,,,,,
2010/5/26,1.2309,,,,,,,,
2010/5/27,1.2255,,,,,,,,
2010/5/28,1.2384,,,,,,,,
2010/5/31,1.2307,,,,,,,,
2010/6/1,1.2155,,,,,,,,
2010/6/2,1.2218,,,,,,,,
2010/6/3,1.2268,,,,,,,,
2010/6/4,1.206,,,,,,,,
2010/6/7,1.1959,,,,,,,,
2010/6/8,1.1942,,,,,,,,
2010/6/9,1.201,,,,,,,,
2010/6/10,1.2045,,,,,,,,
2010/6/11,1.2127,,,,,,,,
2010/6/14,1.2249,,,,,,,,
2010/6/15,1.2258,,,,,,,,
2010/6/16,1.2277,,,,,,,,
2010/6/17,1.2363,,,,,,,,
2010/6/18,1.2372,,,,,,,,
2010/6/21,1.2391,,,,,,,,
2010/6/22,1.2258,,,,,,,,
2010/6/23,1.2271,,,,,,,,
2010/6/24,1.2262,,,,,,,,
2010/6/25,1.2294,,,,,,,,
2010/6/28,1.2339,,,,,,,,
2010/6/29,1.2198,,,,,,,,
2010/6/30,1.2271,,,,,,,,
2010/7/1,1.2328,,,,,,,,
2010/7/2,1.2548,,,,,,,,
2010/7/5,1.2531,,,,,,,,
2010/7/6,1.2579,,,,,,,,
2010/7/7,1.2567,,,,,,,,
2010/7/8,1.266,,,,,,,,
2010/7/9,1.2637,,,,,,,,
2010/7/12,1.2572,,,,,,,,
2010/7/13,1.2569,,,,,,,,
2010/7/14,1.2703,,,,,,,,
2010/7/15,1.2828,,,,,,,,
2010/7/16,1.3,,,,,,,,
2010/7/19,1.2957,,,,,,,,
2010/7/20,1.2844,,,,,,,,
2010/7/21,1.2817,,,,,,,,
2010/7/22,1.285,,,,,,,,
2010/7/23,1.2897,,,,,,,,
2010/7/26,1.2931,,,,,,,,
2010/7/27,1.3033,,,,,,,,
