Euro,S&P 500,Return,EWMA variance forecast,Future 26-day variance,Squared error,Sum squared error,0.5
1.2015,1300.25,,,,,,
1.2078,1294.87,-0.00414625,1.71914E-05,3.10691E-05,1.92592E-10,0.000235363,
1.203,1297.81,0.002267925,1.71914E-05,3.00974E-05,1.66566E-10,,
1.2132,1305.93,0.006237202,1.11674E-05,3.0271E-05,3.64946E-10,,
1.2139,1311.56,0.004301838,2.50351E-05,3.59133E-05,1.18335E-10,,
1.2124,1309.04,-0.001923224,2.17704E-05,3.99099E-05,3.29039E-10,,
1.2258,1295.5,-0.010397323,1.27346E-05,4.01994E-05,7.54314E-10,,
1.2272,1296.62,0.000864158,6.04195E-05,3.61965E-05,5.86755E-10,,
1.2216,1286.57,-0.007781116,3.05831E-05,4.70702E-05,2.71824E-10,,
1.2109,1288.12,0.001204029,4.55644E-05,4.65207E-05,9.1436E-13,,
1.2091,1289.12,0.000776024,2.35071E-05,4.73061E-05,5.66395E-10,,
1.2125,1285.33,-0.00294432,1.20546E-05,4.76248E-05,1.26524E-09,,
1.2107,1307.28,0.016933148,1.03618E-05,4.79428E-05,1.41233E-09,,
1.2107,1309.93,0.002025058,0.000148547,3.51427E-05,1.28605E-08,,
1.2106,1311.46,0.00116732,7.63238E-05,4.10434E-05,1.2447E-09,,
1.2267,1311.28,-0.000137261,3.88432E-05,4.26587E-05,1.4558E-11,,
1.2274,1308.11,-0.002420412,1.9431E-05,5.13047E-05,1.01593E-09,,
1.2345,1301.74,-0.004881516,1.26447E-05,5.48038E-05,1.77739E-09,,
1.2326,1305.41,0.002815337,1.8237E-05,6.09293E-05,1.82263E-09,,
1.234,1309.72,0.003296206,1.30815E-05,6.07302E-05,2.2704E-09,,
1.2373,1310.61,0.000679304,1.19733E-05,7.16361E-05,3.55966E-09,,
1.2412,1305.19,-0.004144054,6.21736E-06,7.14714E-05,4.25809E-09,,
1.2464,1313.21,0.006125898,1.16953E-05,7.20524E-05,3.64299E-09,,
1.2525,1308.12,-0.00388353,2.46109E-05,7.00425E-05,2.06402E-09,,
1.2624,1312.25,0.003152229,1.98464E-05,7.01638E-05,2.53184E-09,,
1.2607,1325.76,0.010242659,1.48915E-05,7.30911E-05,3.3872E-09,,
1.2644,1324.66,-0.000830057,5.99018E-05,6.93151E-05,8.86118E-11,,
1.2639,1325.14,0.000362291,3.02954E-05,7.17841E-05,1.72132E-09,,
1.2684,1322.85,-0.001729614,1.52133E-05,9.34932E-05,6.12773E-09,,
1.2733,1305.92,-0.012880727,9.10244E-06,9.35891E-05,7.138E-09,,
1.272,1291.24,-0.011304776,8.75078E-05,9.09211E-05,1.16506E-11,,
1.2747,1294.5,0.002521523,0.000107653,8.74096E-05,4.09791E-10,,
1.2799,1292.08,-0.001871197,5.70055E-05,9.17264E-05,1.20554E-09,,
1.2855,1270.32,-0.016984486,3.02534E-05,9.23366E-05,3.85432E-09,,
1.2888,1261.81,-0.006721639,0.000159363,8.22451E-05,5.94719E-09,,
1.2826,1267.03,0.004128381,0.000102272,8.19071E-05,4.1472E-10,,
1.2817,1262.07,-0.003922349,5.96576E-05,8.39208E-05,5.88701E-10,,
1.2722,1256.58,-0.004359485,3.75212E-05,8.50095E-05,2.25514E-09,,
1.2795,1258.57,0.001582411,2.82632E-05,0.000102455,5.50448E-09,,
1.275,1272.88,0.011305894,1.53836E-05,0.000102657,7.61658E-09,,
1.285,1280.16,0.005703021,7.16034E-05,0.000100078,8.10823E-10,,
1.2844,1259.87,-0.015976529,5.20639E-05,0.000100864,2.38146E-09,,
1.2747,1270.09,0.008079223,0.000153657,9.07898E-05,3.95225E-09,,
1.2777,1285.71,0.012223331,0.000109465,9.01869E-05,3.71657E-10,,
1.2739,1288.22,0.001950326,0.000129438,8.39985E-05,2.06471E-09,,
1.2868,1265.29,-0.017960076,6.66207E-05,8.45736E-05,3.22308E-10,,
1.2833,1263.85,-0.001138727,0.000194592,7.6639E-05,1.3913E-08,,
1.2824,1256.15,-0.00611113,9.79446E-05,8.29883E-05,2.23691E-10,,
1.2912,1257.93,0.001416025,6.76453E-05,8.25189E-05,2.21225E-10,,
1.2953,1252.3,-0.004485652,3.48252E-05,8.23653E-05,2.26006E-09,,
1.2828,1237.44,-0.011937131,2.74731E-05,8.20151E-05,2.97483E-09,,
1.2799,1223.69,-0.011173845,8.49841E-05,8.95786E-05,2.11095E-11,,
1.2648,1230.04,0.005175805,0.000104919,8.73262E-05,3.09525E-10,,
1.2636,1256.16,0.021012759,6.58542E-05,8.88176E-05,5.27317E-10,,
1.2587,1251.54,-0.003684655,0.000253695,8.2115E-05,2.94398E-08,,
1.2574,1240.13,-0.00915858,0.000133636,8.28906E-05,2.57509E-09,,
1.2631,1240.12,-8.0637E-06,0.000108758,7.90508E-05,8.82502E-10,,
1.2616,1252.2,0.009693855,5.43789E-05,7.99843E-05,6.55639E-10,,
1.2623,1245.6,-0.005284663,7.41749E-05,8.1917E-05,5.99409E-11,,
1.2577,1244.5,-0.000883499,5.10513E-05,8.06213E-05,8.74389E-10,,
1.2568,1250.56,0.004857608,2.59159E-05,8.16567E-05,3.10704E-09,,
1.2665,1239.2,-0.009125441,2.47561E-05,8.17353E-05,3.24663E-09,,
1.2582,1246,0.00547241,5.40149E-05,7.76632E-05,5.5924E-10,,
1.2522,1272.87,0.021335773,4.19811E-05,7.7047E-05,1.22962E-09,,
1.2554,1270.2,-0.002099825,0.000248598,6.02203E-05,3.54862E-08,,
1.2589,1280.19,0.007834136,0.000126504,6.05042E-05,4.35594E-09,,
1.2532,1270.91,-0.007275325,9.39387E-05,5.86182E-05,1.24754E-09,,
1.2534,1274.08,0.00249117,7.34345E-05,5.75459E-05,2.5245E-10,,
1.2779,1265.48,-0.006772853,3.98202E-05,5.78852E-05,3.26345E-10,,
1.2793,1267.34,0.001468719,4.28459E-05,5.61484E-05,1.76957E-10,,
1.2726,1272.43,0.004008242,2.25015E-05,6.31573E-05,1.6529E-09,,
1.2757,1258.6,-0.010928466,1.92838E-05,6.46655E-05,2.0595E-09,,
1.2822,1242.28,-0.013051591,6.93576E-05,5.90579E-05,1.06083E-10,,
1.2751,1236.2,-0.004906243,0.000119851,5.07931E-05,4.76897E-09,,
1.2754,1234.49,-0.001384229,7.1961E-05,5.01904E-05,4.73961E-10,,
1.2706,1236.86,0.001917981,3.69385E-05,4.97897E-05,1.65152E-10,,
1.2673,1259.81,0.018385006,2.03086E-05,5.13917E-05,9.66161E-10,,
1.2641,1249.13,-0.008513607,0.000179159,3.98886E-05,1.93961E-08,,
1.2529,1240.29,-0.007102086,0.00012582,3.62413E-05,8.02435E-09,,
1.25,1260.91,0.016488459,8.81298E-05,3.36921E-05,2.96347E-09,,
1.256,1268.88,0.006300939,0.00018,2.48072E-05,2.40847E-08,,
1.2639,1268.4,-0.000378358,0.000109851,2.37698E-05,7.40992E-09,,
1.2684,1263.2,-0.00410808,5.49969E-05,2.38902E-05,9.67631E-10,,
1.263,1278.55,0.012078439,3.59366E-05,2.34687E-05,1.5545E-10,,
1.2576,1276.66,-0.001479331,9.09127E-05,1.87697E-05,5.20461E-09,,
1.2628,1270.92,-0.004506245,4.65505E-05,2.32219E-05,5.44224E-10,,
1.2732,1277.41,0.005093543,3.34284E-05,2.33524E-05,1.01526E-10,,
1.2748,1280.27,0.002236403,2.96863E-05,2.29561E-05,4.52947E-11,,
1.2764,1279.36,-0.00071104,1.73439E-05,2.28508E-05,3.03263E-11,,
1.2778,1275.77,-0.002810035,8.92473E-06,2.63847E-05,3.0485E-10,,
1.2798,1271.48,-0.003368342,8.41052E-06,2.60624E-05,3.1159E-10,,
1.2779,1265.95,-0.004358748,9.87812E-06,2.54746E-05,2.4325E-10,,
1.2894,1271.81,0.004618254,1.44384E-05,2.41663E-05,9.46325E-11,,
1.2867,1266.74,-0.003994412,1.78833E-05,2.3791E-05,3.49002E-11,,
1.2839,1268.21,0.001159786,1.69193E-05,2.32844E-05,4.0514E-11,,
1.2888,1285.58,0.013603521,9.13222E-06,2.39501E-05,2.19568E-10,,
1.2765,1295.43,0.007632708,9.7094E-05,1.97332E-05,5.9847E-09,,
1.2757,1297.48,0.001581235,7.76761E-05,1.82645E-05,3.52974E-09,,
1.2735,1302.3,0.00370801,4.00882E-05,2.08377E-05,3.70584E-10,,
1.2788,1297.52,-0.003677182,2.69188E-05,2.22566E-05,2.17359E-11,,
1.2864,1298.82,0.00100141,2.02202E-05,2.13879E-05,1.36337E-12,,
1.287,1292.99,-0.004498794,1.06115E-05,2.13993E-05,1.16377E-10,,
1.281,1296.06,0.002371527,1.54253E-05,2.05787E-05,2.65571E-11,,
1.2914,1295.09,-0.000748702,1.05247E-05,2.13429E-05,1.17032E-10,,
1.2804,1301.78,0.005152368,5.54265E-06,2.12486E-05,2.46677E-10,,
1.2794,1304.28,0.001918606,1.60448E-05,2.52393E-05,8.45386E-11,,
1.276,1305.37,0.000835361,9.86291E-06,2.52561E-05,2.36949E-10,,
1.2767,1303.82,-0.001188108,5.28037E-06,2.58968E-05,4.25037E-10,,
1.2784,1311.01,0.005499415,3.34599E-06,2.56564E-05,4.97755E-10,,
1.2768,1313.25,0.001707148,1.67948E-05,2.49705E-05,6.68423E-11,,
1.2825,1300.26,-0.009940736,9.85457E-06,2.55081E-05,2.45034E-10,,
1.2793,1294.02,-0.004810593,5.43364E-05,2.29327E-05,9.86193E-10,,
1.2833,1298.92,0.003779498,3.87391E-05,2.11106E-05,3.10765E-10,,
1.281,1299.54,0.000477206,2.65119E-05,2.09993E-05,3.03881E-11,,
1.2787,1313,0.01030424,1.33698E-05,2.21719E-05,7.74771E-11,,
1.2757,1318.07,0.00385395,5.97736E-05,1.92103E-05,1.64538E-09,,
1.2673,1316.28,-0.001358969,3.73133E-05,1.89956E-05,3.35536E-10,,
1.2699,1319.66,0.002564551,1.958E-05,1.86825E-05,8.05508E-13,,
1.2693,1321.18,0.001151149,1.30785E-05,1.94766E-05,4.09357E-11,,
1.2708,1317.64,-0.002683019,7.20181E-06,1.95416E-05,1.5227E-10,,
1.2736,1325.18,0.005706042,7.2002E-06,1.88933E-05,1.36729E-10,,
1.2648,1318.03,-0.005410102,1.98796E-05,1.86817E-05,1.43491E-12,,
1.2671,1314.78,-0.002468846,2.45744E-05,2.08238E-05,1.40667E-11,,
1.2683,1326.37,0.008776536,1.53348E-05,2.01821E-05,2.34961E-11,,
1.2701,1336.35,0.007496129,4.61812E-05,1.82485E-05,7.80236E-10,,
1.273,1336.59,0.000179578,5.11866E-05,1.9584E-05,9.98722E-10,,
1.2796,1338.88,0.001711849,2.56094E-05,1.96245E-05,3.58194E-11,,
1.2747,1335.85,-0.00226565,1.42699E-05,1.99572E-05,3.23446E-11,,
1.2687,1331.32,-0.003396862,9.70154E-06,2.37773E-05,1.98126E-10,,
1.2699,1334.11,0.002093472,1.06201E-05,2.29048E-05,1.50914E-10,,
1.2697,1350.2,0.011988327,7.50137E-06,2.29042E-05,2.37246E-10,,
1.2687,1353.22,0.002234208,7.56107E-05,1.98613E-05,3.10799E-09,,
1.2744,1349.59,-0.002686095,4.03012E-05,1.98238E-05,4.19323E-10,,
1.2727,1350.66,0.000792519,2.37581E-05,1.94264E-05,1.87644E-11,,
1.2687,1353.42,0.00204136,1.21931E-05,2.05253E-05,6.94249E-11,,
1.2687,1349.95,-0.002567168,8.18013E-06,2.05547E-05,1.5313E-10,,
1.26,1362.83,0.009495865,7.38524E-06,1.99949E-05,1.59004E-10,,
1.2541,1365.62,0.002045118,4.87783E-05,1.72641E-05,9.9315E-10,,
1.2547,1369.06,0.002515835,2.64804E-05,1.73142E-05,8.40197E-11,,
1.2537,1364.05,-0.003666157,1.64049E-05,1.72359E-05,6.9044E-13,,
1.2502,1365.8,0.001282122,1.49228E-05,1.64113E-05,2.21549E-12,,
1.2518,1366.96,0.000848959,8.28333E-06,1.73062E-05,8.14118E-11,,
1.2564,1368.6,0.001199023,4.50203E-06,2.5538E-05,4.4251E-10,,
1.2516,1377.02,0.006133424,2.96984E-06,2.58705E-05,5.24438E-10,,
1.2594,1377.38,0.0002614,2.02944E-05,2.7585E-05,5.31533E-11,,
1.2613,1382.22,0.003507758,1.01813E-05,2.75809E-05,3.02744E-10,,
1.2544,1389.08,0.004950755,1.12429E-05,2.76667E-05,2.69742E-10,,
1.2565,1377.34,-0.008487555,1.78764E-05,2.9668E-05,1.3904E-10,,
1.2591,1377.93,0.00042827,4.49575E-05,2.66348E-05,3.3572E-10,,
1.2669,1377.94,7.25724E-06,2.25705E-05,2.68359E-05,1.81939E-11,,
1.2725,1367.81,-0.00737871,1.12853E-05,2.77519E-05,2.71151E-10,,
1.2717,1367.34,-0.000343674,3.28653E-05,2.49794E-05,6.21877E-11,,
1.2773,1364.3,-0.00222577,1.64917E-05,2.49266E-05,7.11482E-11,,
1.2771,1379.78,0.01128259,1.07229E-05,2.46511E-05,1.93996E-10,,
1.278,1382.84,0.002215289,6.90099E-05,2.05163E-05,2.35163E-09,,
1.2705,1385.72,0.002080505,3.69587E-05,2.27763E-05,2.01139E-10,,
1.2715,1378.33,-0.005347239,2.06436E-05,2.27417E-05,4.40208E-12,,
1.2806,1380.9,0.001862839,2.46183E-05,2.18187E-05,7.83737E-12,,
1.2775,1384.42,0.002545819,1.40442E-05,2.18373E-05,6.07319E-11,,
1.2835,1393.22,0.006336335,1.02627E-05,2.20224E-05,1.38291E-10,,
1.2861,1396.57,0.002401616,2.52059E-05,2.16626E-05,1.25549E-11,,
1.281,1399.76,0.002281563,1.54868E-05,2.29009E-05,5.49688E-11,,
1.2812,1401.2,0.001028219,1.03462E-05,2.33765E-05,1.69788E-10,,
1.2808,1400.5,-0.000499697,5.70171E-06,2.50111E-05,3.72851E-10,,
1.2808,1402.81,0.001648052,2.9757E-06,2.51419E-05,4.9134E-10,,
1.2823,1406.09,0.002335435,2.84589E-06,2.61188E-05,5.41628E-10,,
1.281,1400.95,-0.003662225,4.15007E-06,2.60584E-05,4.79974E-10,,
1.2824,1381.96,-0.013647797,8.78098E-06,2.54333E-05,2.77301E-10,,
1.2928,1386.72,0.003438465,9.75217E-05,1.90988E-05,6.15014E-09,,
1.3081,1399.48,0.009159493,5.46724E-05,1.88951E-05,1.28002E-09,,
1.312,1400.63,0.000821396,6.92843E-05,1.59614E-05,2.84333E-09,,
1.3162,1396.71,-0.002802664,3.49795E-05,1.60519E-05,3.58253E-10,,
1.3146,1409.12,0.008845925,2.14172E-05,1.69238E-05,2.01907E-11,,
1.3261,1414.76,0.003994509,4.98338E-05,1.49436E-05,1.21733E-09,,
1.3316,1412.9,-0.001315576,3.2895E-05,1.44653E-05,3.39652E-10,,
1.3327,1407.29,-0.003978461,1.73128E-05,1.44122E-05,8.41389E-12,,
1.3327,1409.84,0.001810354,1.65705E-05,1.40931E-05,6.13756E-12,,
1.3307,1413.04,0.002267189,9.92394E-06,1.42498E-05,1.87129E-11,,
1.3296,1411.56,-0.001047936,7.53204E-06,1.54148E-05,6.21376E-11,,
1.3215,1413.21,0.001168237,4.31511E-06,1.574E-05,1.30528E-10,,
1.3223,1425.49,0.008651902,2.83994E-06,1.82103E-05,2.36247E-10,,
1.3233,1427.09,0.001121792,3.88477E-05,2.09001E-05,3.22114E-10,,
1.3215,1422.48,-0.003235579,2.0053E-05,2.08919E-05,7.03621E-13,,
1.3174,1425.55,0.002155877,1.5261E-05,2.05369E-05,2.78353E-11,,
1.3095,1423.53,-0.001418002,9.95441E-06,2.16706E-05,1.3727E-10,,
1.3073,1418.3,-0.003680731,5.98257E-06,2.31629E-05,2.95164E-10,,
1.3194,1410.76,-0.005330405,9.76517E-06,2.33509E-05,1.84572E-10,,
1.3183,1416.9,0.00434282,1.90892E-05,2.1836E-05,7.54508E-12,,
1.3175,1426.84,0.006990822,1.89746E-05,2.15057E-05,6.40645E-12,,
1.3131,1424.73,-0.001479887,3.39231E-05,1.99163E-05,1.9619E-10,,
1.3132,1418.3,-0.004523351,1.80566E-05,1.97636E-05,2.91379E-12,,
1.3125,1416.6,-0.001199337,1.92586E-05,1.88026E-05,2.07942E-13,,
1.3158,1418.34,0.001227539,1.03485E-05,2.10896E-05,1.1537E-10,,
1.3197,1409.71,-0.006103164,5.92769E-06,2.1633E-05,2.46656E-10,,
1.3286,1412.84,0.002217854,2.15882E-05,2.17035E-05,1.3295E-14,,
1.3169,1412.11,-0.000516823,1.32535E-05,2.33793E-05,1.02532E-10,,
1.3094,1414.85,0.001938479,6.76031E-06,2.32664E-05,2.7245E-10,,
1.3005,1423.82,0.006319882,5.259E-06,2.34038E-05,3.29235E-10,,
1.3023,1430.73,0.004841403,2.26E-05,2.24138E-05,3.46462E-14,,
1.2995,1431.9,0.00081743,2.30196E-05,2.19733E-05,1.09463E-12,,
1.294,1430.62,-0.000894317,1.18439E-05,2.20677E-05,1.04527E-10,,
1.2904,1426.37,-0.002975161,6.32184E-06,2.26741E-05,2.67396E-10,,
1.2926,1430.5,0.002891278,7.58671E-06,2.23029E-05,2.16566E-10,,
1.2918,1422.95,-0.005291852,7.9731E-06,7.15656E-05,4.04401E-09,,
1.2948,1427.99,0.00353568,1.79884E-05,7.22364E-05,2.94285E-09,,
1.2942,1440.13,0.008465526,1.52447E-05,7.17333E-05,3.19096E-09,,
1.2968,1423.9,-0.011333801,4.34549E-05,7.24408E-05,8.40182E-10,,
1.2957,1422.18,-0.00120868,8.5955E-05,7.10878E-05,2.21032E-10,,
1.3025,1420.62,-0.00109751,4.37079E-05,8.18774E-05,1.45691E-09,,
1.2964,1428.82,0.005755533,2.24562E-05,8.19899E-05,3.54426E-09,,
1.298,1438.24,0.006571215,2.77912E-05,8.27636E-05,3.02196E-09,,
1.2909,1445.94,0.005339485,3.5486E-05,8.06562E-05,2.04035E-09,,
1.2948,1448.39,0.001692966,3.19981E-05,7.95873E-05,2.26474E-09,,
1.2954,1446.99,-0.000967058,1.74321E-05,9.37583E-05,5.8257E-09,,
1.2998,1448,0.000697757,9.18365E-06,9.65815E-05,7.63839E-09,,
1.3021,1450.02,0.001394055,4.83526E-06,9.74762E-05,8.58235E-09,,
1.296,1448.31,-0.00117999,3.38932E-06,9.73135E-05,8.82174E-09,,
1.2933,1438.06,-0.007102376,2.39085E-06,0.000103376,1.0198E-08,,
1.2969,1433.37,-0.003266668,2.64173E-05,0.000104016,6.02149E-09,,
1.302,1444.26,0.007568765,1.85442E-05,0.000115618,9.42336E-09,,
1.3034,1455.3,0.007614985,3.79152E-05,0.000113264,5.67737E-09,,
1.3005,1456.81,0.001037049,4.79516E-05,0.000110791,3.94879E-09,,
1.2962,1455.54,-0.000872148,2.45135E-05,0.000110783,7.44234E-09,,
1.3024,1459.68,0.002840268,1.26371E-05,0.000112029,9.87872E-09,,
1.3126,1457.63,-0.001405405,1.03521E-05,0.000113461,1.06315E-08,,
1.314,1456.38,-0.000857924,6.16363E-06,0.000114365,1.17076E-08,,
1.3137,1451.19,-0.003569995,3.44983E-06,0.000114367,1.23027E-08,,
1.3134,1449.37,-0.00125493,8.09735E-06,0.000114536,1.13293E-08,,
1.3126,1399.04,-0.035342692,4.8361E-06,0.000118315,1.28775E-08,,
1.3134,1406.82,0.005545551,0.000626971,6.72574E-05,3.13279E-07,,
1.3164,1403.17,-0.002597875,0.000328862,6.66073E-05,6.87776E-08,,
1.3159,1387.17,-0.011468262,0.000167806,6.60814E-05,1.03478E-08,,
1.3246,1374.12,-0.009452174,0.000149663,5.95276E-05,8.12444E-09,,
1.323,1395.41,0.015374753,0.000119503,5.73011E-05,3.86913E-09,,
1.3173,1391.97,-0.002468269,0.000177943,5.05487E-05,1.62294E-08,,
1.3182,1401.89,0.007101316,9.20178E-05,5.00608E-05,1.76039E-09,,
1.3094,1402.84,0.000677427,7.12232E-05,5.20573E-05,3.67332E-10,,
1.3108,1406.6,0.002676692,3.58411E-05,5.20106E-05,2.61452E-10,,
1.3148,1377.95,-0.020578557,2.15029E-05,5.20287E-05,9.31827E-10,,
1.3129,1387.17,0.006668813,0.00022249,3.18402E-05,3.63473E-08,,
1.3118,1392.28,0.003676991,0.000133482,3.29391E-05,1.01088E-08,,
1.3186,1386.95,-0.003835599,7.35009E-05,3.38027E-05,1.57594E-09,,
1.3199,1402.06,0.010835492,4.41064E-05,3.25387E-05,1.3381E-10,,
1.3227,1410.94,0.006313565,8.07571E-05,3.20622E-05,2.37119E-09,,
1.3249,1435.04,0.016936574,6.03091E-05,3.18224E-05,8.11493E-10,,
1.3307,1434.54,-0.000348483,0.000173578,2.29123E-05,2.27002E-08,,
1.3299,1436.11,0.001093829,8.68499E-05,2.62248E-05,3.6754E-09,,
1.3291,1437.5,0.000967424,4.40232E-05,2.62969E-05,3.14222E-10,,
1.3305,1428.61,-0.00620355,2.24795E-05,2.72984E-05,2.32216E-11,,
1.3359,1417.23,-0.007997681,3.04818E-05,2.50445E-05,2.95643E-11,,
1.3302,1422.53,0.003732714,4.72223E-05,2.09402E-05,6.90751E-10,,
1.3336,1420.86,-0.001174654,3.05778E-05,2.08612E-05,9.44109E-11,,
1.3357,1424.55,0.002593652,1.59788E-05,2.0859E-05,2.38166E-11,,
1.3331,1437.77,0.009237328,1.13529E-05,2.08896E-05,9.09481E-11,,
1.3336,1439.37,0.001112216,4.83406E-05,2.88403E-05,3.8026E-10,,
1.3374,1443.76,0.003045304,2.47888E-05,3.14058E-05,4.37847E-11,,
1.3374,1444.61,0.000588567,1.70313E-05,3.18E-05,2.18114E-10,,
1.3363,1448.39,0.002613206,8.68887E-06,3.20836E-05,5.47313E-10,,
1.3364,1438.87,-0.006594511,7.75886E-06,3.40002E-05,6.88609E-10,,
1.3426,1447.8,0.00618708,2.56232E-05,3.14695E-05,3.41794E-11,,
1.338,1452.85,0.003481982,3.19516E-05,3.16127E-05,1.14872E-13,,
1.3367,1468.33,0.010598556,2.20379E-05,3.15183E-05,8.9878E-11,,
1.3436,1471.48,0.002142996,6.71836E-05,2.85259E-05,1.49442E-09,,
1.3436,1472.5,0.00069294,3.5888E-05,2.87678E-05,5.06975E-11,,
1.3484,1470.73,-0.00120276,1.81841E-05,3.34739E-05,2.33777E-10,,
1.3518,1484.35,0.00921809,9.81537E-06,3.40508E-05,5.87359E-10,,
1.355,1480.93,-0.002306697,4.73943E-05,3.13697E-05,2.56787E-10,,
1.3569,1480.41,-0.000351192,2.63576E-05,3.28144E-05,4.16908E-11,,
1.3574,1495.42,0.010088027,1.32404E-05,3.27504E-05,3.8064E-10,,
1.3605,1494.25,-0.000782695,5.75044E-05,2.98266E-05,7.66061E-10,,
1.3601,1494.07,-0.000120469,2.90585E-05,2.97094E-05,4.23717E-13,,
1.358,1482.37,-0.007861781,1.45365E-05,3.12941E-05,2.80817E-10,,
1.3622,1486.3,0.002647652,3.81721E-05,3.2069E-05,3.72472E-11,,
1.3647,1495.92,0.006451592,2.25911E-05,4.51817E-05,5.10337E-10,,
1.359,1502.39,0.004315771,3.2107E-05,4.85494E-05,2.70349E-10,,
1.3625,1505.62,0.0021476,2.53665E-05,4.79047E-05,5.07973E-10,,
1.366,1509.48,0.002560447,1.49893E-05,5.22552E-05,1.38874E-09,,
1.36,1507.72,-0.001166645,1.07726E-05,6.11604E-05,2.53893E-09,,
1.3598,1512.58,0.003218226,6.06683E-06,6.18994E-05,3.11728E-09,,
1.3566,1491.47,-0.014054591,8.21191E-06,6.30596E-05,3.00827E-09,,
1.3587,1505.85,0.009595312,0.000102872,5.44361E-05,2.34601E-09,,
1.3616,1503.15,-0.001794617,9.74709E-05,5.14117E-05,2.12145E-09,,
1.3532,1501.19,-0.001304779,5.03458E-05,5.92375E-05,7.90628E-11,,
1.3549,1514.14,0.008589494,2.60241E-05,6.04545E-05,1.18545E-09,,
1.3512,1512.75,-0.000918434,4.99018E-05,6.44485E-05,2.11609E-10,,
1.3519,1522.75,0.006588724,2.53726E-05,6.47654E-05,1.55179E-09,,
1.3544,1525.1,0.001542071,3.4392E-05,6.29994E-05,8.18385E-10,,
1.3603,1524.12,-0.000642787,1.8385E-05,6.64897E-05,2.31407E-09,,
1.3522,1522.28,-0.001207983,9.39907E-06,6.64887E-05,3.25922E-09,,
1.3494,1507.51,-0.009749928,5.42915E-06,6.6515E-05,3.73148E-09,,
1.3511,1515.73,0.005437888,5.02451E-05,6.73858E-05,2.93804E-10,,
1.3457,1518.11,0.001568969,3.99079E-05,6.67538E-05,7.20701E-10,,
1.3464,1530.23,0.007951911,2.11848E-05,6.66804E-05,2.06985E-09,,
1.3482,1530.62,0.000254831,4.22088E-05,6.46216E-05,5.02333E-10,,
1.3429,1536.34,0.003730082,2.11369E-05,6.4652E-05,1.89356E-09,,
1.3452,1539.18,0.001846843,1.75252E-05,7.18053E-05,2.94633E-09,,
1.3483,1530.95,-0.005361349,1.0468E-05,7.31523E-05,3.92932E-09,,
1.3419,1517.38,-0.008903294,1.9606E-05,8.63465E-05,4.45429E-09,,
1.3453,1490.72,-0.017725939,4.94373E-05,8.2936E-05,1.12216E-09,,
1.344,1507.67,0.011306188,0.000181823,6.90183E-05,1.27249E-08,,
1.3488,1509.12,0.000961287,0.000154827,6.50628E-05,8.05752E-09,,
1.3526,1493,-0.010739181,7.78753E-05,6.5437E-05,1.54712E-10,,
1.3492,1515.67,0.015070067,9.66026E-05,6.01295E-05,1.33029E-09,,
1.3456,1522.97,0.00480479,0.000161855,5.9263E-05,1.05251E-08,,
1.3359,1532.91,0.006505514,9.24704E-05,5.92814E-05,1.10151E-09,,
1.3359,1531.05,-0.001214115,6.73961E-05,7.35027E-05,3.72908E-11,,
1.3325,1533.7,0.001729342,3.44351E-05,7.45169E-05,1.60655E-09,,
1.3295,1512.84,-0.013694438,1.87128E-05,9.50532E-05,5.82785E-09,,
1.3311,1522.19,0.006161408,0.000103125,9.76852E-05,2.95944E-11,,
1.3365,1502.56,-0.012979767,7.05441E-05,0.000100755,9.12727E-10,,
1.3401,1497.74,-0.003213015,0.000119509,0.000100521,3.60561E-10,,
1.3416,1492.89,-0.003243467,6.49163E-05,0.00010305,1.45417E-09,,
1.3426,1506.34,0.008969029,3.77182E-05,0.000103801,4.3669E-09,,
1.3399,1505.71,-0.00041832,5.90808E-05,0.000126099,4.4915E-09,,
1.3438,1503.35,-0.001568596,2.96279E-05,0.000151691,1.48995E-08,,
1.345,1519.43,0.010639313,1.60442E-05,0.000153617,1.89262E-08,,
1.3468,1524.87,0.003573896,6.46196E-05,0.000157066,8.54629E-09,,
1.3433,1525.4,0.00034751,3.86962E-05,0.000189539,2.27537E-08,,
1.3466,1530.44,0.003298605,1.94085E-05,0.000189545,2.89464E-08,,
1.352,1531.85,0.00092088,1.51446E-05,0.000188535,3.00641E-08,,
1.3627,1510.12,-0.014287037,7.99632E-06,0.000198283,3.6209E-08,,
1.3615,1518.76,0.005705095,0.000106058,0.000198026,8.45811E-09,,
1.3592,1547.7,0.018875745,6.9303E-05,0.000196598,1.6204E-08,,
1.3626,1552.5,0.003096577,0.000212798,0.00020708,3.26952E-11,,
1.3623,1549.52,-0.001921329,0.000111194,0.000205978,8.98406E-09,,
1.3714,1549.37,-9.68089E-05,5.74425E-05,0.000206524,2.22252E-08,,
1.3757,1546.17,-0.002067491,2.8726E-05,0.000214206,3.44027E-08,,
1.3776,1553.08,0.004459151,1.65002E-05,0.000214252,3.91059E-08,,
1.3788,1534.1,-0.012296166,1.81921E-05,0.000219843,4.0663E-08,,
1.3785,1541.57,0.004857488,8.46939E-05,0.000217253,1.75718E-08,,
1.3782,1511.04,-0.020003222,5.41446E-05,0.000233668,3.22286E-08,,
1.3808,1518.09,0.00465481,0.000227137,0.000243224,2.58787E-10,,
1.3811,1482.66,-0.023615194,0.000124402,0.000242074,1.38466E-08,,
1.3831,1458.95,-0.016120773,0.00034104,0.000227231,1.29525E-08,,
1.3817,1473.91,0.010201735,0.00030046,0.000220569,6.38251E-09,,
1.3824,1455.27,-0.012727283,0.000202267,0.000222414,4.05876E-10,,
1.3711,1465.81,0.00721654,0.000182126,0.000216269,1.16577E-09,,
1.373,1472.2,0.00434989,0.000117102,0.000226097,1.18799E-08,,
1.3647,1433.06,-0.026945862,6.80118E-05,0.000225211,2.47116E-08,,
1.3681,1467.67,0.023864091,0.000397046,0.000202726,3.776E-08,,
1.3711,1476.71,0.006140531,0.00048327,0.000181013,9.13592E-08,,
1.3682,1497.49,0.013973733,0.000260488,0.000182291,6.1148E-09,,
1.3693,1453.09,-0.03009805,0.000227877,0.000174398,2.86002E-09,,
1.3785,1453.64,0.000378432,0.000566885,0.000138939,1.83137E-07,,
1.3789,1452.92,-0.000495431,0.000283514,0.000169439,1.3013E-08,,
1.3747,1426.54,-0.018323393,0.00014188,0.000169937,7.87238E-10,,
1.3808,1406.7,-0.014005396,0.000238813,0.000156303,6.80796E-09,,
1.3701,1411.27,0.003243472,0.000217482,0.000145185,5.22692E-09,,
1.3686,1445.94,0.024269621,0.000114001,0.000147892,1.14856E-09,,
1.3624,1445.55,-0.000269757,0.000351508,0.000128911,4.95492E-08,,
1.3581,1447.12,0.001085502,0.00017579,0.000129185,2.17204E-09,,
1.3479,1464.07,0.011644854,8.84843E-05,0.000129268,1.66334E-09,,
1.3402,1462.5,-0.001072928,0.000112043,0.000126435,2.07112E-10,,
1.3492,1479.37,0.011469021,5.65973E-05,0.000131206,5.56643E-09,,
1.3468,1466.79,-0.008539982,9.40679E-05,0.000127764,1.13544E-09,,
1.3483,1432.36,-0.023752906,8.34996E-05,0.000125111,1.73151E-09,,
1.3535,1463.76,0.021685034,0.00032385,9.78374E-05,5.10817E-08,,
1.356,1457.64,-0.004189778,0.000397045,8.52035E-05,9.72454E-08,,
1.3645,1473.99,0.01115432,0.0002073,8.473E-05,1.50234E-08,,
1.3645,1489.42,0.010413773,0.000165859,8.29395E-05,6.8757E-09,,
1.3626,1472.29,-0.011567771,0.000137153,8.07321E-05,3.18332E-09,,
1.3675,1478.55,0.004242866,0.000135483,7.54442E-05,3.60467E-09,,
1.3648,1453.55,-0.017053038,7.67425E-05,7.55401E-05,1.44587E-12,,
1.3641,1451.7,-0.001273557,0.000183774,6.51711E-05,1.40667E-08,,
1.3641,1471.49,0.013540209,9.26981E-05,6.78407E-05,6.17893E-10,,
1.3606,1471.56,4.75697E-05,0.000138018,6.25232E-05,5.69941E-09,,
1.3669,1483.95,0.008384389,6.901E-05,6.26589E-05,4.03362E-11,,
1.3697,1484.25,0.000202143,6.9654E-05,8.97761E-05,4.049E-10,,
1.3772,1476.65,-0.005133586,3.48474E-05,9.02061E-05,3.06459E-09,,
1.3794,1519.78,0.028789579,3.06006E-05,9.12959E-05,3.68393E-09,,
1.3837,1529.03,0.00606796,0.00042972,5.96353E-05,1.36963E-07,,
1.3904,1518.75,-0.006745919,0.00023327,5.80686E-05,3.06956E-08,,
1.3885,1525.75,0.004598464,0.000139389,6.37106E-05,5.72719E-09,,
1.3848,1517.73,-0.005270295,8.02673E-05,6.34426E-05,2.83071E-10,,
1.386,1517.21,-0.000342676,5.40217E-05,6.40483E-05,1.00533E-10,,
1.3869,1525.42,0.00539666,2.70695E-05,6.91674E-05,1.77223E-09,,
1.395,1531.38,0.003899508,2.80967E-05,9.71712E-05,4.77128E-09,,
1.4092,1526.75,-0.003027997,2.16515E-05,9.64672E-05,5.5974E-09,,
1.4076,1547.04,0.013202135,1.54101E-05,9.69963E-05,6.6563E-09,,
1.4086,1546.63,-0.000265057,9.48532E-05,9.56991E-05,7.15481E-13,,
1.4128,1539.59,-0.004562223,4.74617E-05,0.000128311,6.53665E-09,,
1.4126,1542.84,0.002108727,3.41378E-05,0.000128044,8.81838E-09,,
1.4138,1557.59,0.009514881,1.92923E-05,0.000133547,1.30541E-08,,
1.4219,1552.58,-0.003221692,5.49126E-05,0.000129787,5.60624E-09,,
1.4229,1565.15,0.008063603,3.2646E-05,0.000168464,1.84465E-08,,
1.4163,1562.47,-0.001713764,4.88338E-05,0.000165323,1.35697E-08,,
1.4135,1554.41,-0.00517185,2.58854E-05,0.000169853,2.07267E-08,,
1.4128,1561.8,0.00474295,2.63167E-05,0.000172068,2.12435E-08,,
1.4154,1548.71,-0.008416676,2.44061E-05,0.00017844,2.37266E-08,,
1.4154,1538.53,-0.006594911,4.76233E-05,0.000179559,1.74071E-08,,
1.4092,1541.24,0.001759872,4.55581E-05,0.000185868,1.96869E-08,,
1.4157,1540.08,-0.000752924,2.43276E-05,0.000200423,3.10096E-08,,
1.4228,1500.63,-0.025949343,1.24473E-05,0.000216994,4.18392E-08,,
1.4168,1506.33,0.003791209,0.000342908,0.000207604,1.83071E-08,,
1.4216,1519.59,0.008764333,0.000178641,0.000241542,3.95657E-09,,
1.4165,1515.88,-0.002444433,0.000127727,0.000237733,1.21013E-08,,
1.4208,1514.4,-0.000976808,6.68511E-05,0.000240777,3.02501E-08,,
1.4291,1535.28,0.013693454,3.39026E-05,0.000241744,4.31981E-08,,
1.4263,1540.98,0.003705803,0.000110707,0.000233583,1.50985E-08,,
1.4138,1531.02,-0.006484398,6.22198E-05,0.000243618,3.29053E-08,,
1.4248,1549.38,0.011920671,5.21336E-05,0.000252578,4.01781E-08,,
1.4237,1508.44,-0.026778847,9.7118E-05,0.000246075,2.21882E-08,,
1.4299,1509.65,0.000801832,0.000407112,0.000220912,3.46707E-08,,
1.439,1502.17,-0.004967107,0.000203878,0.000246424,1.81018E-09,,
1.4405,1520.27,0.011977221,0.000114275,0.000247431,1.77306E-08,,
1.4424,1475.62,-0.02980971,0.000128864,0.00024123,1.26261E-08,,
1.4468,1474.77,-0.000576195,0.000508742,0.000213997,8.68742E-08,,
1.4435,1453.7,-0.014390015,0.000254537,0.000222587,1.02079E-09,,
1.4481,1439.18,-0.010038524,0.000230805,0.000216472,2.05429E-10,,
1.4469,1481.05,0.028677789,0.000165788,0.000212376,2.1704E-09,,
1.4555,1470.58,-0.007094415,0.000494102,0.000180264,9.84943E-08,,
1.4667,1451.15,-0.013300535,0.000272216,0.000189359,6.86527E-09,,
1.4691,1458.74,0.005216704,0.00022456,0.000183554,1.68152E-09,,
1.4665,1433.27,-0.017614502,0.000125887,0.000182879,3.24802E-09,,
1.4598,1439.7,0.004476212,0.000218079,0.000178467,1.56907E-09,,
1.467,1416.77,-0.016055126,0.000119058,0.000178013,3.47575E-09,,
1.4639,1440.7,0.016749474,0.000188412,0.000168713,3.88082E-10,,
1.4652,1407.22,-0.02351298,0.000234479,0.000167888,4.43429E-09,,
1.4658,1428.23,0.014819788,0.000393669,0.0001446,6.20358E-08,,
1.4787,1469.02,0.028159596,0.000306648,0.000161526,2.10604E-08,,
1.4829,1469.72,0.000476395,0.000549805,0.000128367,1.7761E-07,,
1.4829,1481.14,0.007740155,0.000275016,0.000139385,1.83958E-08,,
1.4825,1472.42,-0.005904756,0.000167463,0.000145253,4.93279E-10,,
1.4862,1462.79,-0.006561735,0.000101165,0.000148191,2.2115E-09,,
1.4817,1485.01,0.015075935,7.21105E-05,0.000153096,6.55868E-09,,
1.475,1507.34,0.014925002,0.000149697,0.000148087,2.59339E-12,,
1.4766,1504.66,-0.001779549,0.000186226,0.000156319,8.94428E-10,,
1.4688,1515.96,0.007481943,9.46966E-05,0.0001564,3.8073E-09,,
1.4657,1477.65,-0.025595914,7.5338E-05,0.000176511,1.0236E-08,,
1.4759,1486.59,0.006031919,0.000365244,0.000158907,4.2575E-08,,
1.4666,1488.41,0.00122353,0.000200814,0.000156212,1.98934E-09,,
1.4638,1467.95,-0.013841566,0.000101156,0.000181297,6.42261E-09,,
1.4664,1445.9,-0.015134905,0.000146372,0.000184554,1.45785E-09,,
1.4714,1454.98,0.00626019,0.000187719,0.000185411,5.32737E-12,,
1.4702,1453,-0.00136177,0.000113454,0.000198605,7.25055E-09,,
1.4702,1460.12,0.00488824,5.76544E-05,0.000201613,2.07242E-08,,
1.4591,1484.46,0.016532446,4.07746E-05,0.000199509,2.51967E-08,,
1.4433,1496.45,0.008044567,0.000157048,0.000199666,1.81628E-09,,
1.4369,1497.66,0.000808254,0.000110882,0.000203907,8.65374E-09,,
1.4392,1476.27,-0.014385254,5.57675E-05,0.000205673,2.24716E-08,,
1.4344,1478.49,0.00150266,0.000131351,0.000234656,1.06717E-08,,
1.4353,1468.36,-0.006875165,6.68047E-05,0.00023398,2.79475E-08,,
1.4361,1447.16,-0.014543117,5.70363E-05,0.000239141,3.31623E-08,,
1.4409,1447.16,0,0.000134269,0.000234208,9.98778E-09,,
1.45,1411.63,-0.02485795,6.71346E-05,0.000237042,2.88685E-08,,
1.4601,1416.18,0.003218041,0.000342526,0.000220499,1.48906E-08,,
1.4718,1390.19,-0.018522677,0.000176441,0.000228666,2.72743E-09,,
1.4603,1409.13,0.013532064,0.000259765,0.000222749,1.37017E-09,,
1.4738,1420.33,0.007916746,0.000221441,0.000214026,5.49814E-11,,
1.4736,1401.02,-0.013688696,0.000142058,0.000210269,4.65275E-09,,
1.4786,1416.25,0.010811991,0.000164719,0.000208287,1.89819E-09,,
1.4684,1380.95,-0.025240865,0.000140809,0.000207281,4.41846E-09,,
1.4717,1373.2,-0.005627886,0.000388955,0.00018802,4.03751E-08,,
1.4663,1333.25,-0.029524212,0.000210314,0.000194917,2.37085E-10,,
1.474,1325.19,-0.006063725,0.000540997,0.000160024,1.4514E-07,,
1.4787,1310.5,-0.011147102,0.000288883,0.000157987,1.71338E-08,,
1.4877,1338.6,0.021215548,0.00020657,0.000155966,2.56078E-09,,
1.4842,1352.07,0.01001246,0.000328335,0.000170883,2.47912E-08,,
1.4643,1330.61,-0.015999268,0.000214292,0.000166572,2.27724E-09,,
1.469,1353.96,0.017396148,0.000235134,0.000157164,6.07937E-09,,
1.4616,1362.3,0.006140816,0.00026888,0.000145814,1.51452E-08,,
1.4609,1355.81,-0.004775386,0.000153295,0.000161567,6.84348E-11,,
1.4574,1378.55,0.01663316,8.80496E-05,0.000162997,5.61709E-09,,
1.4737,1395.42,0.012163223,0.000182356,0.000155375,7.27991E-10,,
1.4673,1380.82,-0.01051792,0.00016515,0.000207646,1.80593E-09,,
1.4789,1336.64,-0.032518523,0.000137888,0.000206735,4.73987E-09,,
1.4767,1326.45,-0.007652802,0.000597671,0.000169509,1.83323E-07,,
1.4782,1336.91,0.00785478,0.000328118,0.000183881,2.08044E-08,,
1.4841,1331.29,-0.004212584,0.000194908,0.000182696,1.49142E-10,,
1.4851,1339.13,0.005871752,0.000106327,0.00025427,2.1887E-08,,
1.4832,1348.86,0.007239642,7.04022E-05,0.000275605,4.21083E-08,,
1.4638,1367.21,0.013512376,6.14073E-05,0.00029705,5.55275E-08,,
1.4647,1348.86,-0.013512376,0.000121996,0.000299066,3.13537E-08,,
1.4495,1349.99,0.000837394,0.00015229,0.00029221,1.95776E-08,,
1.4505,1348.78,-0.000896705,7.64956E-05,0.00029523,4.78449E-08,,
1.4506,1360.03,0.008306278,3.86499E-05,0.000300124,6.83685E-08,,
1.4592,1342.53,-0.012950865,5.38221E-05,0.000298641,5.99364E-08,,
1.4569,1353.11,0.007849753,0.000110773,0.000294605,3.3794E-08,,
1.4635,1371.8,0.013718099,8.61961E-05,0.00034199,6.54303E-08,,
1.4674,1381.29,0.006894099,0.000137191,0.000334839,3.90646E-08,,
1.4742,1380.02,-0.000919853,9.23599E-05,0.000332904,5.78613E-08,,
1.4663,1367.68,-0.008982118,4.6603E-05,0.000332937,8.19869E-08,,
1.4813,1330.63,-0.027463359,6.36407E-05,0.000329863,7.08741E-08,,
1.4825,1331.34,0.00053344,0.000408938,0.000299727,1.19272E-08,,
1.4822,1326.75,-0.003453611,0.000204611,0.00030293,9.6666E-09,,
1.4889,1333.7,0.005224692,0.000108269,0.000302734,3.78164E-08,,
1.5132,1304.34,-0.022259869,6.77834E-05,0.000319564,6.33934E-08,,
1.5172,1293.37,-0.008445951,0.000281643,0.000299693,3.25834E-10,,
1.5187,1273.37,-0.015584286,0.000176488,0.00029669,1.44486E-08,,
1.5195,1320.65,0.03645711,0.000209679,0.000301233,8.38216E-09,,
1.521,1308.77,-0.009036275,0.0007694,0.000253747,2.65898E-07,,
1.5282,1315.48,0.005113853,0.000425527,0.000259505,2.75635E-08,,
1.5356,1288.14,-0.021002301,0.000225839,0.000259727,1.1484E-09,,
1.5333,1276.6,-0.008999024,0.000333468,0.000242977,8.18856E-09,,
1.5369,1330.74,0.041534885,0.000207225,0.000237442,9.13084E-10,,
1.5329,1298.42,-0.024587038,0.000966186,0.000176598,6.23448E-07,,
1.5495,1329.51,0.023662313,0.000785354,0.000148527,4.05549E-07,,
1.5584,1349.88,0.015205246,0.00067263,0.000130846,2.9353E-07,,
1.5604,1352.99,0.002301259,0.000451915,0.000124527,1.07182E-07,,
1.5765,1341.13,-0.008804416,0.000228605,0.000125419,1.06474E-08,,
1.5784,1325.76,-0.011526662,0.000153061,0.000130958,4.88568E-10,,
1.5642,1315.22,-0.007981928,0.000142963,0.000123473,3.79842E-10,,
1.5417,1322.7,0.00567115,0.000103337,0.000121051,3.13805E-10,,
1.5447,1370.18,0.035267016,6.77494E-05,0.000121676,2.9081E-09,,
1.5394,1367.53,-0.001935925,0.000655756,9.23736E-05,3.174E-07,,
1.5595,1369.31,0.00130077,0.000329752,9.24328E-05,5.63203E-08,,
1.5761,1370.4,0.000795705,0.000165722,9.46271E-05,5.05448E-09,,
1.5798,1372.54,0.00156037,8.31775E-05,9.88178E-05,2.44618E-10,,
1.5759,1365.54,-0.005113083,4.28061E-05,9.88637E-05,3.14245E-09,,
1.5805,1354.49,-0.008124955,3.44749E-05,9.77134E-05,3.99911E-09,,
1.5615,1360.55,0.00446403,5.02449E-05,9.71874E-05,2.20359E-09,,
1.5618,1332.83,-0.020584529,3.50862E-05,9.69288E-05,3.8245E-09,,
1.5667,1328.32,-0.003389515,0.000229405,7.62267E-05,2.34635E-08,,
1.5735,1334.43,0.004589249,0.000120447,8.04256E-05,1.60169E-09,,
1.5713,1364.71,0.022437717,7.07539E-05,9.3364E-05,5.11214E-10,,
1.5705,1365.56,0.000622649,0.000287103,7.54144E-05,4.48119E-08,,
1.5804,1390.33,0.017976528,0.000143745,8.30951E-05,3.67842E-09,,
1.5744,1388.17,-0.001554796,0.00023345,7.20992E-05,2.60342E-08,,
1.5796,1375.94,-0.008849199,0.000117934,7.26424E-05,2.05132E-09,,
1.5827,1379.93,0.002895639,9.81211E-05,7.02498E-05,7.76811E-10,,
1.5801,1388.82,0.006421692,5.32529E-05,7.00716E-05,2.82869E-10,,
1.5978,1397.84,0.006473722,4.72455E-05,7.32075E-05,6.74025E-10,,
1.5924,1396.37,-0.001052176,4.45773E-05,7.25612E-05,7.83097E-10,,
1.5742,1390.94,-0.003896235,2.28422E-05,7.25528E-05,2.47115E-09,,
1.5881,1385.59,-0.003853736,1.90114E-05,8.70169E-05,4.62474E-09,,
1.601,1409.34,0.016995468,1.69313E-05,0.000125431,1.17721E-08,,
1.5898,1413.9,0.003230334,0.000152889,0.000112594,1.62366E-09,,
1.5668,1407.49,-0.004543867,8.16618E-05,0.000111766,9.06267E-10,,
1.5634,1418.26,0.007622792,5.11543E-05,0.000120774,4.84696E-09,,
1.5648,1392.57,-0.018279807,5.46306E-05,0.000118147,4.03437E-09,,
1.5604,1397.68,0.003662758,0.000194391,0.000117816,5.86374E-09,,
1.5568,1388.28,-0.006748148,0.000103903,0.000116999,1.71501E-10,,
1.5458,1403.58,0.010960545,7.47204E-05,0.00011702,1.78929E-09,,
1.5431,1403.04,-0.000384805,9.7427E-05,0.000113626,2.62396E-10,,
1.5491,1408.66,0.003997587,4.87875E-05,0.000114764,4.35296E-09,,
1.5548,1423.57,0.010528903,3.23841E-05,0.000124279,8.44467E-09,,
1.537,1425.35,0.001249597,7.1621E-05,0.00011753,2.10764E-09,,
1.5409,1426.63,0.000897622,3.65912E-05,0.000116795,6.4327E-09,,
1.5447,1413.4,-0.00931687,1.86985E-05,0.000119314,1.01235E-08,,
1.5536,1390.71,-0.016183741,5.27513E-05,0.000145926,8.6816E-09,,
1.5509,1394.35,0.002613949,0.000157332,0.000139472,3.18985E-10,,
1.5467,1375.93,-0.013298491,8.20826E-05,0.000138911,3.22948E-09,,
1.5492,1385.35,0.006822949,0.000129466,0.000136481,4.92139E-11,,
1.5591,1390.84,0.003955066,8.80094E-05,0.000141837,2.89746E-09,,
1.5516,1398.26,0.005320725,5.1826E-05,0.000140422,7.84933E-09,,
1.5667,1400.38,0.001515022,4.00681E-05,0.000137756,9.54291E-09,,
1.5772,1385.67,-0.010559851,2.11817E-05,0.000154002,1.76413E-08,,
1.5703,1377.65,-0.005804628,6.63461E-05,0.000166894,1.011E-08,,
1.5784,1377.2,-0.000326697,5.00199E-05,0.000171452,1.47458E-08,,
1.5731,1404.05,0.019308465,2.50633E-05,0.000173094,2.1913E-08,,
1.5628,1360.68,-0.031376343,0.00019894,0.000151033,2.29507E-09,,
1.5527,1361.76,0.000793406,0.000591707,0.000124219,2.18545E-07,,
1.556,1358.44,-0.002440998,0.000296168,0.000156177,1.95977E-08,,
1.555,1335.49,-0.017038717,0.000151063,0.000165278,2.02047E-10,,
1.5454,1339.87,0.003274329,0.000220691,0.000157203,4.03068E-09,,
1.5453,1360.03,0.014934164,0.000115706,0.000156087,1.63062E-09,,
1.556,1360.14,8.08773E-05,0.000169368,0.000154057,2.34422E-10,,
1.5731,1350.93,-0.006794391,8.46871E-05,0.000155461,5.00891E-09,,
1.5718,1337.81,-0.009759296,6.54254E-05,0.00017207,1.13732E-08,,
1.5473,1342.83,0.003745379,8.03346E-05,0.000171893,8.38292E-09,,
1.5562,1317.93,-0.018717003,4.71812E-05,0.000180372,1.77397E-08,,
1.5418,1318,5.31122E-05,0.000198754,0.000195824,8.58108E-12,,
1.5368,1314.29,-0.00281884,9.93783E-05,0.000208493,1.1906E-08,,
1.5472,1321.97,0.005826452,5.36621E-05,0.00021418,2.57659E-08,,
1.5519,1283.15,-0.029805056,4.38048E-05,0.000212596,2.84904E-08,,
1.5502,1278.38,-0.003724341,0.000466073,0.000182698,8.03014E-08,,
1.5502,1280,0.001266427,0.000239972,0.00021529,6.09202E-10,,
1.5626,1284.91,0.003828599,0.000120788,0.000215635,8.996E-09,,
1.5492,1261.52,-0.018371334,6.7723E-05,0.000227891,2.56538E-08,,
1.5591,1262.9,0.001093321,0.000202614,0.000235888,1.10714E-09,,
1.557,1252.31,-0.008420818,0.000101905,0.000237215,1.83089E-08,,
1.5738,1273.7,0.016936205,8.64075E-05,0.000240614,2.37795E-08,,
1.5749,1244.69,-0.023039548,0.000186621,0.000230667,1.94002E-09,,
1.5748,1253.39,0.006965378,0.000358721,0.000208561,2.25481E-08,,
1.5778,1239.49,-0.011151876,0.000203619,0.000207608,1.5915E-11,,
1.5869,1228.3,-0.009068905,0.000163992,0.000212304,2.33414E-09,,
1.5708,1214.91,-0.0109611,0.000123118,0.000212545,7.99723E-09,,
1.5646,1245.36,0.024754645,0.000121632,0.000207192,7.32043E-09,,
1.5653,1260.32,0.011941012,0.000367212,0.000185448,3.30383E-08,,
1.5744,1260.68,0.000285601,0.0002549,0.000184876,4.90331E-09,,
1.5771,1260,-0.000539537,0.000127491,0.000201511,5.47896E-09,,
1.5898,1277,0.013401856,6.38909E-05,0.00020195,1.90603E-08,,
1.5914,1282.19,0.004055976,0.00012175,0.000197401,5.72304E-09,,
1.5923,1252.54,-0.023396064,6.91006E-05,0.000205128,1.85035E-08,,
1.5847,1257.76,0.004158871,0.000308238,0.000190308,1.39074E-08,,
1.5861,1234.37,-0.018771643,0.000162767,0.000190792,7.85367E-10,,
1.5855,1263.2,0.023087465,0.000257571,0.000175627,6.71484E-09,,
1.5877,1284.26,0.016534493,0.000395301,0.000192148,4.12712E-08,,
1.5811,1267.38,-0.0132309,0.000334345,0.000180982,2.35203E-08,,
1.5708,1260.31,-0.005594055,0.000254701,0.000192164,3.91085E-09,,
1.5657,1249.01,-0.009006485,0.000142997,0.000237894,9.00547E-09,,
1.5687,1284.88,0.028314091,0.000112057,0.000237143,1.56464E-08,,
1.5747,1289.19,0.003348785,0.000456872,0.000211653,6.01325E-08,,
1.5588,1266.07,-0.0180965,0.000234043,0.000211275,5.184E-10,,
1.5559,1296.32,0.023611867,0.000280763,0.000287283,4.25E-11,,
1.5589,1305.32,0.00691874,0.000419142,0.000275846,2.05336E-08,,
1.5567,1289.59,-0.012123883,0.000233505,0.000351311,1.38783E-08,,
1.5569,1285.83,-0.002919914,0.000190247,0.000433196,5.90244E-08,,
1.5468,1292.93,0.005506536,9.93864E-05,0.000501083,1.6136E-07,,
1.5409,1298.2,0.004067729,6.48542E-05,0.00055431,2.39567E-07,,
1.5341,1278.6,-0.01521296,4.07003E-05,0.000558783,2.6841E-07,,
1.5047,1266.69,-0.00935853,0.000136067,0.000553018,1.73848E-07,,
1.4958,1274.54,0.00617813,0.000111825,0.00057007,2.09989E-07,,
1.4905,1277.72,0.00249191,7.4997E-05,0.000568587,2.43631E-07,,
1.4895,1292.2,0.011268953,4.06033E-05,0.000880151,7.04841E-07,,
1.4856,1266.84,-0.019820581,8.37963E-05,0.001002137,8.4335E-07,,
1.4695,1271.51,0.00367956,0.000238326,0.000991707,5.67583E-07,,
1.473,1281.66,0.007950942,0.000125933,0.001043707,8.4231E-07,,
1.4746,1300.68,0.014731092,9.4575E-05,0.001039108,8.92143E-07,,
1.4701,1282.83,-0.01381863,0.00015579,0.001062138,8.21466E-07,,
1.4875,1277.58,-0.004100911,0.000173372,0.00116217,9.7772E-07,,
1.48,1274.98,-0.002037171,9.50949E-05,0.001160935,1.13601E-06,,
1.4803,1236.83,-0.030378838,4.96225E-05,0.001340877,1.66734E-06,,
1.466,1242.31,0.004420895,0.000486248,0.001328284,7.09024E-07,,
1.4684,1267.79,0.020302677,0.000252896,0.00189387,2.6928E-06,,
1.4685,1224.51,-0.034734463,0.000332547,0.001860657,2.33512E-06,,
1.4669,1232.04,0.006130568,0.000769515,0.00212141,1.82762E-06,,
1.4522,1249.05,0.01371193,0.00040355,0.00221997,3.29938E-06,,
1.4489,1251.7,0.002119365,0.000295783,0.002197207,3.61541E-06,,
1.436,1192.7,-0.048282983,0.000150137,0.002319593,4.70654E-06,,
1.4273,1213.6,0.017371504,0.001240692,0.002277558,1.07509E-06,,
1.4126,1156.39,-0.048288065,0.000771231,0.002359165,2.52154E-06,,
1.4173,1206.51,0.042428811,0.001551484,0.002323143,5.95458E-07,,
1.402,1255.08,0.039467421,0.001675844,0.00223355,3.11036E-07,,
1.3939,1207.09,-0.038986811,0.001616761,0.002134527,2.68082E-07,,
1.4172,1188.22,-0.015756115,0.001568366,0.002633012,1.13347E-06,,
1.4175,1185.87,-0.001979707,0.000908311,0.002631558,2.96958E-06,,
1.4155,1209.18,0.019465761,0.000456115,0.002676896,4.93187E-06,,
1.4215,1213.27,0.00337675,0.000417515,0.002668191,5.06554E-06,,
1.4382,1106.42,-0.092189616,0.000214459,0.002663907,5.99979E-06,,
1.4384,1166.36,0.05275821,0.004356692,0.00245369,3.62142E-06,,
1.4697,1161.06,-0.004554407,0.00357006,0.002410549,1.34447E-06,,
1.4737,1114.28,-0.041124925,0.001795402,0.002483441,4.73398E-07,,
1.4655,1099.23,-0.013598522,0.00174333,0.002494075,5.63617E-07,,
1.4643,1056.89,-0.039279301,0.000964125,0.002493641,2.33942E-06,,
1.4596,996.23,-0.059107758,0.001253494,0.002460702,1.45735E-06,,
1.4381,984.94,-0.011397429,0.002373611,0.002437387,4.06739E-09,,
1.4081,909.92,-0.079224042,0.001251756,0.002639502,1.92584E-06,,
1.4058,899.22,-0.011828963,0.003764102,0.002467708,1.68064E-06,,
1.3854,1003.35,0.109571959,0.001952013,0.002487337,2.86571E-07,,
1.3816,998.01,-0.005336384,0.006979014,0.001978601,2.50041E-05,,
1.3508,907.84,-0.094695145,0.003503745,0.002104034,1.95919E-06,,
1.3649,946.43,0.04162886,0.006235458,0.001954,1.83309E-05,,
1.368,940.55,-0.006232201,0.00398421,0.002045909,3.75701E-06,,
1.3646,985.4,0.04658284,0.002011525,0.002230015,4.7738E-08,,
1.3471,955.05,-0.031283955,0.002090743,0.002130241,1.56006E-09,,
1.3658,896.78,-0.062953125,0.001534714,0.002160866,3.92066E-07,,
1.3567,908.11,0.012554947,0.002748905,0.002014258,5.39706E-07,,
1.3416,876.77,-0.035120816,0.001453266,0.002340404,7.87014E-07,,
1.3462,848.92,-0.032279747,0.001343369,0.002368314,1.05051E-06,,
1.3314,940.51,0.102457328,0.001192675,0.002353287,1.34702E-06,,
1.3102,930.09,-0.011140926,0.00584509,0.001952215,1.51545E-05,,
1.2835,954.09,0.025476651,0.002984605,0.002010705,9.48482E-07,,
1.2878,968.75,0.015248574,0.001816832,0.002043516,5.13855E-08,,
1.2639,966.3,-0.002532236,0.001024676,0.002048136,1.04747E-06,,
1.2446,1005.75,0.040014466,0.000515544,0.002056966,2.37598E-06,,
1.2476,952.77,-0.054115279,0.001058351,0.002003844,8.93957E-07,,
1.2851,904.88,-0.051571193,0.001993407,0.001909414,7.05489E-09,,
1.285,930.99,0.028446198,0.002326498,0.001816756,2.59836E-07,,
1.2682,919.21,-0.012733931,0.001567842,0.001886735,1.01693E-07,,
1.2719,898.95,-0.02228719,0.000864997,0.001884134,1.03864E-06,,
1.3021,852.3,-0.053288838,0.000680858,0.00188261,1.44421E-06,,
1.3039,911.29,0.066922601,0.001760279,0.001767154,4.72665E-11,,
1.2756,873.29,-0.04259349,0.003119457,0.001601184,2.30515E-06,,
1.2777,850.75,-0.026149375,0.002466831,0.001535267,8.67812E-07,,
1.276,859.12,0.009790296,0.00157531,0.001508823,4.42058E-09,,
1.2558,806.58,-0.063105523,0.00083558,0.001506377,4.49969E-07,,
1.2526,752.44,-0.069481827,0.002408944,0.001339412,1.1439E-06,,
1.2731,800.03,0.061327968,0.003618334,0.001134479,6.16953E-06,,
1.2726,851.81,0.06271427,0.003689727,0.001013028,7.16472E-06,,
1.269,857.39,0.006529394,0.003811403,0.000904701,8.44892E-06,,
1.2595,887.68,0.034718427,0.001927018,0.000906774,1.0409E-06,,
1.2525,896.24,0.009596917,0.001566194,0.000866378,4.89743E-07,,
1.2531,816.21,-0.093536559,0.000829147,0.000903722,5.56134E-09,,
1.289,848.81,0.039163694,0.004789118,0.00053632,1.80863E-05,,
1.303,870.74,0.025508056,0.003161456,0.000508107,7.04026E-06,,
1.2828,845.22,-0.029746476,0.001906059,0.000506427,1.95897E-06,,
1.2694,876.07,0.035849048,0.001395456,0.000469683,8.57056E-07,,
1.2634,909.7,0.037668878,0.001340305,0.000463747,7.68354E-07,,
1.2724,888.67,-0.023388912,0.001379625,0.000400675,9.58342E-07,,
1.2669,899.24,0.011823999,0.000963333,0.000386754,3.32443E-07,,
1.284,873.59,-0.028938804,0.00055157,0.000483199,4.67455E-09,,
1.2654,879.73,0.007003884,0.000694512,0.000538628,2.42998E-08,,
1.2942,868.57,-0.012766861,0.000371783,0.000542571,2.91683E-08,,
1.2937,913.18,0.050084832,0.000267388,0.00054011,7.43774E-08,,
1.3024,904.42,-0.009639159,0.001387939,0.00043204,9.13743E-07,,
1.3294,885.28,-0.021389875,0.000740426,0.000437928,9.15051E-08,,
1.3349,887.88,0.00293262,0.000598977,0.000469887,1.66642E-08,,
1.3664,871.63,-0.018471577,0.000303788,0.000511424,4.31124E-08,,
1.381,863.16,-0.009764948,0.000322494,0.000518305,3.83421E-08,,
1.4358,868.15,0.005764437,0.000208924,0.000515903,9.4236E-08,,
1.4298,872.8,0.005341924,0.000121076,0.000525661,1.63689E-07,,
1.3875,869.42,-0.003880112,7.48063E-05,0.000525151,2.02811E-07,,
1.3952,890.64,0.024113983,4.49308E-05,0.000537413,2.42539E-07,,
1.3966,903.25,0.014059065,0.000313207,0.000542526,5.2587E-08,,
1.3964,931.8,0.031118829,0.000255432,0.000533495,7.73188E-08,,
1.4062,927.45,-0.004679315,0.000611907,0.000576588,1.24741E-09,,
1.4232,934.7,0.007786738,0.000316901,0.000582599,7.05949E-08,,
1.4085,906.65,-0.030469134,0.000188767,0.000578255,1.51701E-07,,
1.3919,909.73,0.003391364,0.000558568,0.00055159,4.86835E-11,,
1.3946,890.35,-0.021533208,0.000285035,0.000620071,1.12249E-07,,
1.3576,870.26,-0.022822626,0.000374357,0.000609912,5.54861E-08,,
1.3445,871.79,0.001756552,0.000447615,0.000598766,2.28467E-08,,
1.3718,842.62,-0.034032484,0.00022535,0.000599129,1.39711E-07,,
1.3714,843.74,0.001328305,0.00069178,0.000602195,8.02548E-09,,
1.3495,850.12,0.007533126,0.000346772,0.000676403,1.08656E-07,,
1.3347,805.22,-0.054261984,0.00020176,0.000673306,2.22356E-07,,
1.3198,840.24,0.042572033,0.001573061,0.000575855,9.94421E-07,,
1.3174,827.5,-0.015278458,0.00169272,0.00050557,1.40932E-06,,
1.3094,831.95,0.005363236,0.000963076,0.000572429,1.52605E-07,,
1.3244,836.57,0.005537856,0.00049592,0.000566689,5.00821E-09,,
1.2946,845.71,0.010866312,0.000263294,0.000596832,1.11248E-07,,
1.287,874.09,0.033006834,0.000190685,0.000636381,1.98645E-07,,
1.2955,845.14,-0.033681051,0.000640068,0.000570341,4.86192E-09,,
1.2849,825.88,-0.02305281,0.000887241,0.000546045,1.16415E-07,,
1.3123,825.44,-0.000532907,0.000709336,0.000724142,2.19211E-10,,
1.3159,838.51,0.01570993,0.00035481,0.000725617,1.37498E-07,,
1.3244,832.23,-0.007517662,0.000300806,0.000788631,2.37974E-07,,
1.2988,845.85,0.016233194,0.000178661,0.000793572,3.78116E-07,,
1.2804,868.6,0.026540681,0.000221089,0.000777131,3.09184E-07,,
1.2808,869.89,0.001484047,0.000462748,0.000790748,1.07584E-07,,
1.301,827.16,-0.05036862,0.000232475,0.000813626,3.37736E-07,,
1.2857,833.74,0.007923456,0.001384737,0.000727259,4.32276E-07,,
1.2838,835.19,0.001737641,0.000723759,0.000734905,1.2423E-10,,
1.2874,826.84,-0.010048038,0.000363389,0.000931606,3.22871E-07,,
1.3064,789.17,-0.046629446,0.000232176,0.000943932,5.06596E-07,,
1.2966,788.42,-0.000950817,0.001203241,0.00086016,1.17705E-07,,
1.2893,778.94,-0.012096922,0.000602072,0.000878217,7.62558E-08,,
1.2822,770.05,-0.011478573,0.000374204,0.000890527,2.66589E-07,,
1.2879,743.33,-0.035315356,0.000252981,0.000938032,4.69296E-07,,
1.2571,773.14,0.039320053,0.000750078,0.000888014,1.90264E-08,,
1.2547,764.9,-0.010715038,0.001148072,0.000841139,9.42079E-08,,
1.2675,752.83,-0.015905668,0.000631442,0.000860534,5.2483E-08,,
1.269,735.09,-0.023846498,0.000442216,0.000846313,1.63294E-07,,
1.2747,700.82,-0.047741863,0.000505436,0.000820638,9.93526E-08,,
1.2742,696.33,-0.006427392,0.001392361,0.000742632,4.22148E-07,,
1.2731,712.87,0.02347539,0.000716836,0.000737499,4.26963E-10,,
1.2764,682.55,-0.043463291,0.000633965,0.000763706,1.68327E-08,,
1.2662,683.38,0.001215289,0.001261511,0.000659159,3.62828E-07,,
1.258,676.53,-0.010074281,0.000631494,0.000690001,3.42306E-09,,
1.2549,719.6,0.06171871,0.000366493,0.000676942,9.63789E-08,,
1.2607,721.36,0.002442817,0.002087846,0.000563649,2.32318E-06,,
1.2565,750.74,0.039921068,0.001046907,0.000562957,2.34207E-07,,
1.2674,756.55,0.007709238,0.001320299,0.00061305,5.00202E-07,,
1.2636,753.89,-0.003522156,0.000689866,0.000623858,4.35709E-09,,
1.2752,778.12,0.031634285,0.000351136,0.000627215,7.622E-08,,
1.2774,794.35,0.020643416,0.000675932,0.000597881,6.09191E-09,,
1.2799,784.04,-0.013064131,0.000551041,0.000593021,1.76232E-09,,
1.2891,768.54,-0.019967428,0.000360856,0.00058949,5.22735E-08,,
1.2997,822.92,0.06836638,0.000379777,0.00056864,3.56693E-08,,
1.2972,806.12,-0.020626376,0.00252687,0.000412009,4.47263E-06,,
1.311,813.88,0.00958032,0.001476158,0.000390811,1.17798E-06,,
1.373,832.86,0.023052626,0.000783971,0.000389298,1.55767E-07,,
1.3566,815.94,-0.020524738,0.000657697,0.000409879,6.1414E-08,,
1.3569,787.53,-0.035439358,0.000539481,0.000388773,2.2713E-08,,
1.3524,797.87,0.013044212,0.000897715,0.000329591,3.22765E-07,,
1.3539,811.08,0.016421016,0.000533933,0.000341339,3.70923E-08,,
1.356,834.38,0.028322241,0.000401791,0.000350183,2.66344E-09,,
1.3306,842.5,0.009684728,0.00060197,0.000354108,6.14357E-08,,
1.3146,835.48,-0.008367252,0.000347882,0.000353039,2.6594E-11,,
1.3261,815.55,-0.024143678,0.000208947,0.000383796,3.05724E-08,,
1.3223,825.16,0.011714575,0.000395932,0.000356924,1.52162E-09,,
1.3458,856.56,0.037347061,0.000266582,0.000362354,9.17238E-09,,
1.3447,858.73,0.002530186,0.000830692,0.000343867,2.36999E-07,,
1.3363,841.5,-0.02026854,0.000418547,0.000344495,5.48377E-09,,
1.3282,852.06,0.012470933,0.00041468,0.000326166,7.83481E-09,,
1.3288,865.3,0.015419321,0.000285102,0.000336463,2.63794E-09,,
1.3149,869.6,0.004957068,0.000261429,0.000328772,4.53515E-09,,
1.3143,832.39,-0.043732255,0.000143001,0.000352471,4.38779E-08,,
1.3354,850.08,0.021029382,0.001027755,0.000286254,5.49825E-07,,
1.3277,843.55,-0.007711286,0.000734995,0.000279119,2.07823E-07,,
1.3182,851.92,0.009873449,0.00039723,0.000279107,1.39529E-08,,
1.3197,866.23,0.016657837,0.000247357,0.000296698,2.43454E-09,,
1.303,857.51,-0.010117621,0.00026242,0.000290005,7.60928E-10,,
1.2903,855.16,-0.002744255,0.000182393,0.000294537,1.25763E-08,,
1.2978,873.64,0.021379806,9.49621E-05,0.000295524,4.0225E-08,,
1.3012,872.81,-0.0009505,0.000276029,0.000283763,5.98063E-11,,
1.3048,877.52,0.005381855,0.000138466,0.000283781,2.11164E-08,,
1.3277,907.24,0.033307277,8.37153E-05,0.000283531,3.99263E-08,,
1.3136,903.8,-0.003798927,0.000596545,0.000245638,1.23135E-07,,
1.3061,919.53,0.017254573,0.000305488,0.000245343,3.61741E-09,,
1.3324,907.39,-0.013290323,0.000301604,0.000235295,4.3969E-09,,
1.3244,929.23,0.02378394,0.000239119,0.000252146,1.69709E-10,,
1.3267,909.24,-0.0217472,0.000402397,0.000236023,2.76804E-08,,
1.3365,908.35,-0.000979319,0.000437669,0.000217719,4.83782E-08,,
1.3375,883.92,-0.027263206,0.000219314,0.000220305,9.82513E-13,,
1.3313,893.07,0.010298404,0.000481298,0.000188516,8.57213E-08,,
1.3411,882.88,-0.011475674,0.000293678,0.000225538,4.643E-09,,
1.3494,909.71,0.029936576,0.000212684,0.000220192,5.6366E-11,,
1.362,908.13,-0.001738327,0.000554441,0.000186182,1.35615E-07,,
1.3638,903.47,-0.005144635,0.000278732,0.000203942,5.59345E-09,,
1.3612,888.33,-0.01689961,0.000152599,0.000202801,2.52017E-09,,
1.3608,887,-0.001498313,0.000219098,0.00019225,7.2084E-10,,
1.3539,910.33,0.025962189,0.000110672,0.000195951,7.27262E-09,,
1.3503,893.06,-0.019153403,0.000392353,0.000171409,4.88165E-08,,
1.3608,906.83,0.015301234,0.000379603,0.000192016,3.5189E-08,,
1.3765,919.14,0.013483449,0.000306865,0.000182811,1.53895E-08,,
1.3804,942.87,0.025489965,0.000244334,0.000188712,3.09381E-09,,
1.4005,944.74,0.001981342,0.000447036,0.000158161,8.34492E-08,,
1.3992,931.76,-0.013834487,0.000225481,0.000158835,4.4417E-09,,
1.3924,942.46,0.011418207,0.000208437,0.000153731,2.99277E-09,,
1.3948,940.09,-0.002517863,0.000169406,0.000174872,2.98747E-11,,
1.4126,939.14,-0.001011052,8.78729E-05,0.00017673,7.89556E-09,,
1.4192,942.43,0.003497083,4.44476E-05,0.000212839,2.83557E-08,,
1.427,939.15,-0.003486435,2.83386E-05,0.00021538,3.49844E-08,,
1.4194,944.89,0.006093308,2.02469E-05,0.000214902,3.78905E-08,,
1.4187,946.21,0.001396013,2.86877E-05,0.000218521,3.60366E-08,,
1.399,923.72,-0.024055536,1.53183E-05,0.000218915,4.14514E-08,,
1.3884,911.97,-0.012801901,0.000296994,0.000194291,1.05479E-08,,
1.4014,910.71,-0.00138258,0.000230441,0.000203399,7.31285E-10,,
1.3983,918.37,0.008375844,0.000116176,0.000202734,7.49231E-09,,
1.4093,921.23,0.003109374,9.31655E-05,0.000201444,1.17241E-08,,
1.404,893.04,-0.031078361,5.14169E-05,0.000202461,2.28143E-08,,
1.3784,895.1,0.002304071,0.000508641,0.00015857,1.22549E-07,,
1.3878,900.94,0.006503219,0.000256975,0.000161235,9.16604E-09,,
1.385,920.26,0.021217576,0.000149633,0.000161243,1.34789E-10,,
1.3978,918.9,-0.001478936,0.000299909,0.000154144,2.12475E-08,,
1.3998,927.23,0.009024344,0.000151048,0.000153204,4.64773E-12,,
1.3846,919.32,-0.008567381,0.000116244,0.000153383,1.37931E-09,,
1.4035,923.33,0.004352434,9.48218E-05,0.000151001,3.15613E-09,,
1.4015,896.42,-0.029577647,5.68827E-05,0.000155,9.62694E-09,,
1.3953,898.72,0.002562476,0.00046586,0.000112118,1.25133E-07,,
1.4056,881.03,-0.019879851,0.000236213,0.000123471,1.27108E-08,,
1.4058,879.56,-0.001669895,0.000315711,0.000101653,4.58206E-08,,
1.402,882.68,0.003540952,0.00015925,9.98355E-05,3.53005E-09,,
1.4186,879.13,-0.004029952,8.5894E-05,0.000107298,4.58112E-10,,
1.4018,901.05,0.024627968,5.10673E-05,0.000138268,7.60396E-09,,
1.3991,905.84,0.00530194,0.000328802,0.000122602,4.25183E-08,,
1.3938,932.68,0.029199472,0.000178456,0.000122901,3.08637E-09,,
1.3965,940.74,0.008604637,0.000515533,9.83958E-05,1.74003E-07,,
1.3852,940.38,-0.000382751,0.000294786,0.000106569,3.54256E-08,,
1.4026,951.13,0.011366703,0.000147466,0.000106619,1.66851E-09,,
1.3926,954.58,0.003620702,0.000138334,0.000103952,1.18215E-09,,
1.3973,954.07,-0.000534409,7.57218E-05,0.000104247,8.13685E-10,,
1.3971,976.29,0.023022629,3.80037E-05,0.000103771,4.32533E-09,,
1.4116,979.26,0.003037511,0.000284023,8.7732E-05,3.853E-08,,
1.4115,982.18,0.002977407,0.000146625,9.16033E-05,3.02734E-09,,
1.412,979.62,-0.00260985,7.77447E-05,0.000113507,1.27897E-09,,
1.4211,975.15,-0.004573436,4.2278E-05,0.000113704,5.10173E-09,,
1.4196,986.75,0.011825409,3.15972E-05,0.000114877,6.9356E-09,,
1.422,987.48,0.000739529,8.57187E-05,0.00011597,9.15119E-10,,
1.4266,1002.63,0.015225583,4.31328E-05,0.000118215,5.63729E-09,,
1.4213,1005.65,0.003007551,0.000137476,0.000112126,6.4259E-10,,
1.4212,1002.72,-0.002917791,7.32605E-05,0.000115297,1.76708E-09,,
1.4215,997.08,-0.005640579,4.0887E-05,0.000114845,5.46977E-09,,
1.4033,1010.48,0.013349737,3.63516E-05,0.00011351,5.95337E-09,,
1.4066,1007.1,-0.003350552,0.000107284,0.000108219,8.74468E-13,,
1.4279,994.35,-0.012740935,5.92549E-05,0.000114157,3.01422E-09,,
1.4416,1005.81,0.011459209,0.000110793,0.000106126,2.17849E-11,,
1.44,1012.73,0.006856468,0.000121053,0.000102907,3.29279E-10,,
1.4391,1004.09,-0.008567996,8.40322E-05,0.000103235,3.68753E-10,,
1.4357,979.73,-0.024559914,7.87214E-05,9.93382E-05,4.25052E-10,,
1.418,989.67,0.010094531,0.000340955,7.60923E-05,7.01525E-08,,
1.4143,996.46,0.006837444,0.000221427,7.98864E-05,2.00339E-08,,
1.4141,1007.37,0.010889255,0.000134089,8.16383E-05,2.75109E-09,,
1.4215,1026.13,0.01845147,0.000126332,8.83123E-05,1.44553E-09,,
1.4283,1025.57,-0.000545889,0.000233395,7.76548E-05,2.42549E-08,,
1.4216,1028,0.002366611,0.000116846,7.8359E-05,1.48127E-09,,
1.4088,1028.12,0.000116725,6.12236E-05,0.000106782,2.07553E-09,,
1.4075,1030.98,0.002777914,3.06186E-05,0.000107589,5.92448E-09,,
1.4262,1028.93,-0.001990379,1.91677E-05,0.000115885,9.3542E-09,,
1.4235,1020.62,-0.008109142,1.15647E-05,0.000122324,1.22677E-08,,
1.4305,998.04,-0.022372209,3.86614E-05,0.000118983,6.45161E-09,,
1.432,994.75,-0.003301906,0.000269589,9.65472E-05,2.99433E-08,,
1.435,1003.24,0.008498592,0.000140246,9.54581E-05,2.00592E-09,,
1.423,1016.4,0.01303221,0.000106236,9.42516E-05,1.43621E-10,,
1.4272,1025.39,0.008806056,0.000138037,9.08021E-05,2.23115E-09,,
1.4358,1033.37,0.007752278,0.000107792,9.82518E-05,9.10134E-11,,
1.4354,1044.14,0.010368274,8.39449E-05,9.72144E-05,1.76082E-10,,
1.4235,1042.73,-0.001351306,9.5723E-05,9.84108E-05,7.22465E-12,,
1.4246,1049.34,0.006319121,4.87745E-05,0.00010032,2.65694E-09,,
1.4278,1052.63,0.003130399,4.43529E-05,0.000102042,3.32802E-09,,
1.4278,1068.76,0.015207304,2.70761E-05,0.000106033,6.23426E-09,,
1.4497,1065.49,-0.003064311,0.000129169,0.000101617,7.5911E-10,,
1.4573,1068.3,0.002633813,6.92796E-05,0.000107749,1.47991E-09,,
1.4568,1064.66,-0.003413101,3.81083E-05,0.000113292,5.65264E-09,,
1.4586,1071.66,0.006553349,2.48788E-05,0.000113268,7.81274E-09,,
1.4613,1060.87,-0.010119522,3.39126E-05,0.00012597,8.47462E-09,,
1.4617,1050.78,-0.009556581,6.81586E-05,0.000142835,5.57661E-09,,
1.4698,1044.38,-0.006109338,7.97434E-05,0.000171331,8.38834E-09,,
1.4735,1062.98,0.017652877,5.85337E-05,0.000171793,1.28276E-08,,
1.4704,1060.61,-0.00223207,0.000185079,0.000159138,6.72914E-10,,
1.4692,1057.08,-0.003333824,9.50305E-05,0.000159134,4.10924E-09,,
1.4795,1029.85,-0.026097229,5.30724E-05,0.000173361,1.44694E-08,,
1.4752,1025.21,-0.004515691,0.000367069,0.000144319,4.96174E-08,,
1.4696,1040.46,0.014765453,0.00019373,0.000158707,1.2266E-09,,
1.4682,1054.72,0.013612406,0.000205874,0.000152573,2.841E-09,,
1.465,1057.58,0.00270795,0.000195586,0.000147358,2.3259E-09,,
1.4553,1065.48,0.007442123,0.000101459,0.000152688,2.62434E-09,,
1.463,1071.49,0.005624801,7.84223E-05,0.000151924,5.40252E-09,,
1.4532,1076.19,0.004376823,5.50304E-05,0.000158097,1.06226E-08,,
1.459,1073.19,-0.002791504,3.70935E-05,0.000157715,1.45495E-08,,
1.4647,1092.02,0.017393671,2.2443E-05,0.00015718,1.81541E-08,,
1.4744,1096.56,0.004148815,0.000162491,0.000154107,7.02943E-11,,
1.4675,1087.68,-0.008131019,8.9852E-05,0.00015381,4.09058E-09,,
1.4777,1097.91,0.009361385,7.79827E-05,0.000158075,6.41477E-09,,
1.4715,1091.06,-0.006258672,8.28091E-05,0.000154945,5.20365E-09,,
1.4839,1081.4,-0.008893203,6.09901E-05,0.000153776,8.60927E-09,,
1.4899,1092.91,0.010587366,7.00396E-05,0.000163054,8.65166E-09,,
1.4945,1079.6,-0.012253261,9.10659E-05,0.000159267,4.65134E-09,,
1.4889,1066.95,-0.011786491,0.000120604,0.000157933,1.39345E-09,,
1.4947,1063.41,-0.003323385,0.000129763,0.000151157,4.57695E-10,,
1.4905,1042.63,-0.019734359,7.04038E-05,0.000154134,7.01074E-09,,
1.5009,1066.11,0.022270143,0.000229924,0.000136164,8.791E-09,,
1.5003,1036.19,-0.028465985,0.000362942,0.000120119,5.89631E-08,,
1.5029,1042.88,0.006435592,0.000586627,8.95324E-05,2.47103E-07,,
1.4941,1045.41,0.002423036,0.000314022,8.88481E-05,5.07033E-08,,
1.4821,1046.5,0.00104211,0.000159947,8.94324E-05,4.97225E-09,,
1.4763,1066.63,0.019052883,8.05163E-05,8.9489E-05,8.051E-11,,
1.4819,1069.3,0.002500083,0.000221764,7.87422E-05,2.04553E-08,,
1.4755,1093.08,0.021995171,0.000114007,8.07102E-05,1.1087E-09,,
1.4828,1093.01,-6.40413E-05,0.000298897,6.30183E-05,5.5639E-08,,
1.4658,1098.51,0.005019358,0.000149451,6.89811E-05,6.47536E-09,,
1.4836,1087.24,-0.010312341,8.73224E-05,6.93172E-05,3.24187E-10,,
1.4857,1093.48,0.005722896,9.68334E-05,6.85376E-05,8.00651E-10,,
1.4835,1109.3,0.014363915,6.47925E-05,6.78888E-05,9.5873E-12,,
1.4999,1110.32,0.000919076,0.000135557,6.04468E-05,5.64157E-09,,
1.496,1109.8,-0.000468443,6.8201E-05,6.13489E-05,4.69509E-11,,
1.4865,1094.9,-0.013516784,3.42102E-05,6.13172E-05,7.34788E-10,,
1.4886,1091.38,-0.003220084,0.000108457,5.32628E-05,3.04638E-09,,
1.4977,1106.24,0.013523927,5.94129E-05,5.25354E-05,4.72998E-11,,
1.483,1105.65,-0.00053348,0.000121155,5.07387E-05,4.95841E-09,,
1.499,1110.63,0.004494025,6.07197E-05,6.00402E-05,4.61748E-13,,
1.4905,1091.49,-0.017383687,4.0458E-05,5.97204E-05,3.71042E-10,,
1.487,1095.63,0.003785805,0.000171325,4.58788E-05,1.57368E-08,,
1.4968,1108.86,0.01200292,9.28288E-05,4.59172E-05,2.2007E-09,,
1.4937,1109.24,0.000342636,0.000118449,4.15137E-05,5.91911E-09,,
1.5085,1099.92,-0.008437646,5.92834E-05,4.14895E-05,3.16624E-10,,
1.4963,1105.98,0.00549437,6.52386E-05,4.22955E-05,5.26389E-10,,
1.4994,1103.25,-0.002471451,4.77134E-05,4.35464E-05,1.7364E-11,,
1.51,1091.94,-0.010304438,2.69107E-05,4.2969E-05,2.57867E-10,,
1.5059,1095.95,0.003665636,6.65461E-05,4.35295E-05,5.29765E-10,,
1.5081,1102.35,0.005822698,3.99915E-05,4.79799E-05,6.38153E-11,,
1.4885,1106.41,0.003676275,3.69476E-05,5.31976E-05,2.6406E-10,,
1.482,1114.11,0.00693534,2.52313E-05,6.87257E-05,1.89176E-09,,
1.4741,1107.93,-0.00556247,3.66651E-05,8.63484E-05,2.46843E-09,,
1.4725,1109.18,0.001127594,3.38031E-05,8.6427E-05,2.76927E-09,,
1.4716,1096.08,-0.011880825,1.75373E-05,8.68757E-05,4.80782E-09,,
1.4601,1102.47,0.005812939,7.93456E-05,8.25425E-05,1.02196E-11,,
1.4645,1114.05,0.010448907,5.65679E-05,8.64324E-05,8.91888E-10,,
1.4514,1118.02,0.00355724,8.28738E-05,8.43063E-05,2.05206E-12,,
1.4577,1120.59,0.002296069,4.77639E-05,9.28523E-05,2.03296E-09,,
1.4317,1126.48,0.005242394,2.65179E-05,9.99659E-05,5.39461E-09,,
1.4281,1127.78,0.001153372,2.70003E-05,9.93819E-05,5.23909E-09,,
1.4319,1126.2,-0.001401965,1.41653E-05,0.000135058,1.4615E-08,,
1.4243,1126.42,0.000195328,8.06539E-06,0.000136066,1.63842E-08,,
1.4341,1115.1,-0.010100375,4.05177E-06,0.000137575,1.78284E-08,,
1.4367,1132.99,0.015916069,5.30347E-05,0.00014392,8.26021E-09,,
1.4392,1136.52,0.003110806,0.000153178,0.000131202,4.8295E-10,,
1.4356,1137.14,0.000545376,8.14275E-05,0.000135645,2.93953E-09,,
1.4316,1141.69,0.003993283,4.08625E-05,0.000135387,8.93493E-09,,
1.4332,1144.98,0.002877549,2.84044E-05,0.00014956,1.46787E-08,,
1.4419,1146.98,0.001745232,1.83423E-05,0.000150116,1.73642E-08,,
1.4402,1136.22,-0.009425438,1.06941E-05,0.000152282,2.00471E-08,,
1.4404,1145.68,0.008291384,4.97665E-05,0.000149987,1.00442E-08,,
1.4314,1148.46,0.002423567,5.92568E-05,0.000146455,7.60346E-09,,
1.4357,1136.03,-0.010882186,3.25652E-05,0.000150321,1.38663E-08,,
1.4536,1150.23,0.012422194,7.54936E-05,0.000151715,5.80966E-09,,
1.4523,1138.04,-0.010654438,0.000114902,0.000144166,8.56354E-10,,
1.4492,1116.48,-0.019126605,0.00011421,0.000141038,7.1976E-10,,
1.4478,1091.76,-0.022389806,0.000240018,0.000131868,1.16965E-08,,
1.4376,1096.78,0.004587541,0.000370661,0.000111145,6.73484E-08,,
1.4269,1092.17,-0.004212071,0.000195853,0.000110592,7.26955E-09,,
1.4094,1097.5,0.004868323,0.000106797,0.000109856,9.3531E-12,,
1.4106,1084.53,-0.011888153,6.5249E-05,0.000115748,2.55015E-09,,
1.4154,1073.87,-0.009877767,0.000103289,0.000108557,2.77557E-11,,
1.4146,1089.19,0.014165355,0.000100429,0.000102833,5.7766E-12,,
1.4063,1103.32,0.012889515,0.000150543,9.72648E-05,2.83861E-09,,
1.4053,1097.28,-0.005489426,0.000158341,9.25254E-05,4.33175E-09,,
1.3993,1063.11,-0.031635816,9.42376E-05,9.06036E-05,1.3206E-11,,
1.387,1066.19,0.002892972,0.000547531,4.43624E-05,2.53179E-07,,
1.3904,1056.74,-0.008902849,0.00027795,4.52127E-05,5.41668E-08,,
1.3955,1070.52,0.012955814,0.000178605,3.92622E-05,1.94166E-08,,
1.3907,1068.13,-0.002235056,0.000173229,3.63092E-05,1.87471E-08,,
1.3759,1078.47,0.009633914,8.91124E-05,3.78886E-05,2.62387E-09,,
1.3608,1075.51,-0.002748402,9.09623E-05,,,,
1.3699,1094.87,0.017840667,4.9258E-05,,,,
1.3795,1099.51,0.004228991,0.000183774,,,,
1.3722,1106.75,0.006563167,0.000100829,,,,
1.364,1109.17,0.002184195,7.19521E-05,,,,
1.3625,1108.01,-0.001046374,3.83614E-05,,,,
1.3742,1094.6,-0.012176614,1.97282E-05,,,,
1.3623,1105.24,0.009673506,8.3999E-05,,,,
1.3563,1102.94,-0.002083164,8.87879E-05,,,,
1.3538,1104.49,0.001404348,4.65637E-05,,,,
1.359,1115.71,0.010107284,2.4268E-05,,,,
1.3537,1118.31,0.002327644,6.32126E-05,,,,
1.3576,1118.79,0.000429127,3.43152E-05,,,,
1.3476,1122.97,0.003729217,1.72497E-05,,,,
1.366,1138.7,0.0139103,1.55784E-05,,,,
1.3516,1138.5,-0.000175654,0.000104537,,,,
1.3564,1140.45,0.001711315,5.22841E-05,,,,
1.3731,1145.61,0.004514325,2.76064E-05,,,,
1.3571,1150.24,0.00403337,2.39927E-05,,,,
1.3608,1149.99,-0.00021737,2.01304E-05,,,,
1.3613,1150.51,0.000452076,1.00888E-05,,,,
1.3586,1159.46,0.007749057,5.1466E-06,,,,
1.3658,1166.21,0.005804795,3.25972E-05,,,,
1.3674,1165.83,-0.000325895,3.31464E-05,,,,
1.3753,1159.9,-0.005099485,1.66263E-05,,,,
